Model,Scenario,Region,Variable,Unit,Service,Mode,Vehicle_type,Technology,Fuel,Liquid_fuel_type,AV_level,Own_hired,Year
[All],[All],[All + World],GDP,10^9 USD(2005) / yr,,,,,,,,,[All]
[All],[All],[All + World],Population,10^6 persons,,,,,,,,,[All]
[All],[All],[All + World],GHG Price,USD(2005) / t CO2e,,,,,,,,,[All]
[All],[All],[All + World],Price,USD(2005) / GJ,,,,,Electricity,,,,[All]
[All],[All],[All + World],Price,USD(2005) / GJ,,,,,Hydrogen,,,,[All]
[All],[All],[All + World],Price,USD(2005) / GJ,,,,,Liquid,,,,[All]
[All],[All],[All + World],Price,USD(2005) / GJ,,,,,Natural gas,,,,[All]
[All],[All],[All + World],BC Emissions,10^3 t BC / yr,Freight,Air,All,All (if no detail),All (if no detail),,,,[All]
[All],[All],[All + World],BC Emissions,10^3 t BC / yr,Freight,Air,All,Liquid,Liquid,,,,[All]
[All],[All],[All + World],BC Emissions,10^3 t BC / yr,Freight,Rail,All,All (if no detail),All (if no detail),,,,[All]
[All],[All],[All + World],BC Emissions,10^3 t BC / yr,Freight,Rail,All,Liquid,Liquid,,,,[All]
[All],[All],[All + World],BC Emissions,10^3 t BC / yr,Freight,Rail,All,Natural gas,Natural gas,,,,[All]
[All],[All],[All + World],BC Emissions,10^3 t BC / yr,Freight,Road,All (if no detail),All (if no detail),All (if no detail),,,,[All]
[All],[All],[All + World],BC Emissions,10^3 t BC / yr,Freight,Road,All (if no detail),Liquid,Liquid,,,,[All]
[All],[All],[All + World],BC Emissions,10^3 t BC / yr,Freight,Road,All (if no detail),Natural gas,Natural gas,,,,[All]
[All],[All],[All + World],BC Emissions,10^3 t BC / yr,Freight,Road,All (if no detail),PHEV,Liquid,,,,[All]
[All],[All],[All + World],BC Emissions,10^3 t BC / yr,Freight,Road,Heavy truck,All (if no detail),All (if no detail),,,,[All]
[All],[All],[All + World],BC Emissions,10^3 t BC / yr,Freight,Road,Heavy truck,Liquid,Liquid,,,,[All]
[All],[All],[All + World],BC Emissions,10^3 t BC / yr,Freight,Road,Heavy truck,Natural gas,Natural gas,,,,[All]
[All],[All],[All + World],BC Emissions,10^3 t BC / yr,Freight,Road,Heavy truck,PHEV,Liquid,,,,[All]
[All],[All],[All + World],BC Emissions,10^3 t BC / yr,Freight,Road,Light truck,All (if no detail),All (if no detail),,,,[All]
[All],[All],[All + World],BC Emissions,10^3 t BC / yr,Freight,Road,Light truck,Liquid,Liquid,,,,[All]
[All],[All],[All + World],BC Emissions,10^3 t BC / yr,Freight,Road,Light truck,Natural gas,Natural gas,,,,[All]
[All],[All],[All + World],BC Emissions,10^3 t BC / yr,Freight,Road,Light truck,PHEV,Liquid,,,,[All]
[All],[All],[All + World],BC Emissions,10^3 t BC / yr,Freight,Road,Medium truck,All (if no detail),All (if no detail),,,,[All]
[All],[All],[All + World],BC Emissions,10^3 t BC / yr,Freight,Road,Medium truck,Liquid,Liquid,,,,[All]
[All],[All],[All + World],BC Emissions,10^3 t BC / yr,Freight,Road,Medium truck,Natural gas,Natural gas,,,,[All]
[All],[All],[All + World],BC Emissions,10^3 t BC / yr,Freight,Road,Medium truck,PHEV,Liquid,,,,[All]
[All],[All],[All + World],BC Emissions,10^3 t BC / yr,Freight,Ship,All,All (if no detail),All (if no detail),,,,[All]
[All],[All],[All + World],BC Emissions,10^3 t BC / yr,Freight,Ship,All,Liquid,Liquid,,,,[All]
[All],[All],[All + World],BC Emissions,10^3 t BC / yr,Freight,Ship,All,Natural gas,Natural gas,,,,[All]
[All],[All],[All + World],BC Emissions,10^3 t BC / yr,Passenger,Air,All,All (if no detail),All (if no detail),,,,[All]
[All],[All],[All + World],BC Emissions,10^3 t BC / yr,Passenger,Air,All,Liquid,Liquid,,,,[All]
[All],[All],[All + World],BC Emissions,10^3 t BC / yr,Passenger,Rail,All,All (if no detail),All (if no detail),,,,[All]
[All],[All],[All + World],BC Emissions,10^3 t BC / yr,Passenger,Rail,All,Liquid,Liquid,,,,[All]
[All],[All],[All + World],BC Emissions,10^3 t BC / yr,Passenger,Rail,All,Natural gas,Natural gas,,,,[All]
[All],[All],[All + World],BC Emissions,10^3 t BC / yr,Passenger,Road,2W+3W,All (if no detail),All (if no detail),,,,[All]
[All],[All],[All + World],BC Emissions,10^3 t BC / yr,Passenger,Road,2W+3W,Liquid,Liquid,,,,[All]
[All],[All],[All + World],BC Emissions,10^3 t BC / yr,Passenger,Road,2W+3W,Natural gas,Natural gas,,,,[All]
[All],[All],[All + World],BC Emissions,10^3 t BC / yr,Passenger,Road,2W+3W,PHEV,Liquid,,,,[All]
[All],[All],[All + World],BC Emissions,10^3 t BC / yr,Passenger,Road,All (if no detail),All (if no detail),All (if no detail),,,,[All]
[All],[All],[All + World],BC Emissions,10^3 t BC / yr,Passenger,Road,All (if no detail),Liquid,Liquid,,,,[All]
[All],[All],[All + World],BC Emissions,10^3 t BC / yr,Passenger,Road,All (if no detail),Natural gas,Natural gas,,,,[All]
[All],[All],[All + World],BC Emissions,10^3 t BC / yr,Passenger,Road,Bus,All (if no detail),All (if no detail),,,,[All]
[All],[All],[All + World],BC Emissions,10^3 t BC / yr,Passenger,Road,Bus,Liquid,Liquid,,,,[All]
[All],[All],[All + World],BC Emissions,10^3 t BC / yr,Passenger,Road,Bus,Natural gas,Natural gas,,,,[All]
[All],[All],[All + World],BC Emissions,10^3 t BC / yr,Passenger,Road,Bus,PHEV,Liquid,,,,[All]
[All],[All],[All + World],BC Emissions,10^3 t BC / yr,Passenger,Road,LDV,All (if no detail),All (if no detail),,,,[All]
[All],[All],[All + World],BC Emissions,10^3 t BC / yr,Passenger,Road,LDV,Liquid,Liquid,,,,[All]
[All],[All],[All + World],BC Emissions,10^3 t BC / yr,Passenger,Road,LDV,Natural gas,Natural gas,,,,[All]
[All],[All],[All + World],BC Emissions,10^3 t BC / yr,Passenger,Road,LDV,PHEV,Liquid,,,,[All]
[All],[All],[All + World],CO2 Emissions (ttw),10^6 t CO2 / yr,Freight,Air,All,All (if no detail),All (if no detail),,,,[All]
[All],[All],[All + World],CO2 Emissions (ttw),10^6 t CO2 / yr,Freight,Air,All,Electric,Electricity,,,,[All]
[All],[All],[All + World],CO2 Emissions (ttw),10^6 t CO2 / yr,Freight,Air,All,Hydrogen,Hydrogen,,,,[All]
[All],[All],[All + World],CO2 Emissions (ttw),10^6 t CO2 / yr,Freight,Air,All,Liquid,Liquid,,,,[All]
[All],[All],[All + World],CO2 Emissions (ttw),10^6 t CO2 / yr,Freight,Rail,All,All (if no detail),All (if no detail),,,,[All]
[All],[All],[All + World],CO2 Emissions (ttw),10^6 t CO2 / yr,Freight,Rail,All,Electric,Electricity,,,,[All]
[All],[All],[All + World],CO2 Emissions (ttw),10^6 t CO2 / yr,Freight,Rail,All,Hydrogen,Hydrogen,,,,[All]
[All],[All],[All + World],CO2 Emissions (ttw),10^6 t CO2 / yr,Freight,Rail,All,Liquid,Liquid,,,,[All]
[All],[All],[All + World],CO2 Emissions (ttw),10^6 t CO2 / yr,Freight,Rail,All,Natural gas,Natural gas,,,,[All]
[All],[All],[All + World],CO2 Emissions (ttw),10^6 t CO2 / yr,Freight,Road,All (if no detail),All (if no detail),All (if no detail),,,,[All]
[All],[All],[All + World],CO2 Emissions (ttw),10^6 t CO2 / yr,Freight,Road,All (if no detail),Electric,Electricity,,,,[All]
[All],[All],[All + World],CO2 Emissions (ttw),10^6 t CO2 / yr,Freight,Road,All (if no detail),Hydrogen,Hydrogen,,,,[All]
[All],[All],[All + World],CO2 Emissions (ttw),10^6 t CO2 / yr,Freight,Road,All (if no detail),Liquid,Liquid,,,,[All]
[All],[All],[All + World],CO2 Emissions (ttw),10^6 t CO2 / yr,Freight,Road,All (if no detail),Natural gas,Natural gas,,,,[All]
[All],[All],[All + World],CO2 Emissions (ttw),10^6 t CO2 / yr,Freight,Road,All (if no detail),PHEV,Liquid,,,,[All]
[All],[All],[All + World],CO2 Emissions (ttw),10^6 t CO2 / yr,Freight,Road,All (if no detail),PHEV,Electricity,,,,[All]
[All],[All],[All + World],CO2 Emissions (ttw),10^6 t CO2 / yr,Freight,Road,Heavy truck,All (if no detail),All (if no detail),,,,[All]
[All],[All],[All + World],CO2 Emissions (ttw),10^6 t CO2 / yr,Freight,Road,Heavy truck,Electric,Electricity,,,,[All]
[All],[All],[All + World],CO2 Emissions (ttw),10^6 t CO2 / yr,Freight,Road,Heavy truck,Hydrogen,Hydrogen,,,,[All]
[All],[All],[All + World],CO2 Emissions (ttw),10^6 t CO2 / yr,Freight,Road,Heavy truck,Liquid,Liquid,,,,[All]
[All],[All],[All + World],CO2 Emissions (ttw),10^6 t CO2 / yr,Freight,Road,Heavy truck,Natural gas,Natural gas,,,,[All]
[All],[All],[All + World],CO2 Emissions (ttw),10^6 t CO2 / yr,Freight,Road,Heavy truck,PHEV,Liquid,,,,[All]
[All],[All],[All + World],CO2 Emissions (ttw),10^6 t CO2 / yr,Freight,Road,Heavy truck,PHEV,Electricity,,,,[All]
[All],[All],[All + World],CO2 Emissions (ttw),10^6 t CO2 / yr,Freight,Road,Light truck,All (if no detail),All (if no detail),,,,[All]
[All],[All],[All + World],CO2 Emissions (ttw),10^6 t CO2 / yr,Freight,Road,Light truck,Electric,Electricity,,,,[All]
[All],[All],[All + World],CO2 Emissions (ttw),10^6 t CO2 / yr,Freight,Road,Light truck,Hydrogen,Hydrogen,,,,[All]
[All],[All],[All + World],CO2 Emissions (ttw),10^6 t CO2 / yr,Freight,Road,Light truck,Liquid,Liquid,,,,[All]
[All],[All],[All + World],CO2 Emissions (ttw),10^6 t CO2 / yr,Freight,Road,Light truck,Natural gas,Natural gas,,,,[All]
[All],[All],[All + World],CO2 Emissions (ttw),10^6 t CO2 / yr,Freight,Road,Light truck,PHEV,Liquid,,,,[All]
[All],[All],[All + World],CO2 Emissions (ttw),10^6 t CO2 / yr,Freight,Road,Light truck,PHEV,Electricity,,,,[All]
[All],[All],[All + World],CO2 Emissions (ttw),10^6 t CO2 / yr,Freight,Road,Medium truck,All (if no detail),All (if no detail),,,,[All]
[All],[All],[All + World],CO2 Emissions (ttw),10^6 t CO2 / yr,Freight,Road,Medium truck,Electric,Electricity,,,,[All]
[All],[All],[All + World],CO2 Emissions (ttw),10^6 t CO2 / yr,Freight,Road,Medium truck,Hydrogen,Hydrogen,,,,[All]
[All],[All],[All + World],CO2 Emissions (ttw),10^6 t CO2 / yr,Freight,Road,Medium truck,Liquid,Liquid,,,,[All]
[All],[All],[All + World],CO2 Emissions (ttw),10^6 t CO2 / yr,Freight,Road,Medium truck,Natural gas,Natural gas,,,,[All]
[All],[All],[All + World],CO2 Emissions (ttw),10^6 t CO2 / yr,Freight,Road,Medium truck,PHEV,Liquid,,,,[All]
[All],[All],[All + World],CO2 Emissions (ttw),10^6 t CO2 / yr,Freight,Road,Medium truck,PHEV,Electricity,,,,[All]
[All],[All],[All + World],CO2 Emissions (ttw),10^6 t CO2 / yr,Freight,Ship,All,All (if no detail),All (if no detail),,,,[All]
[All],[All],[All + World],CO2 Emissions (ttw),10^6 t CO2 / yr,Freight,Ship,All,Electric,Electricity,,,,[All]
[All],[All],[All + World],CO2 Emissions (ttw),10^6 t CO2 / yr,Freight,Ship,All,Hydrogen,Hydrogen,,,,[All]
[All],[All],[All + World],CO2 Emissions (ttw),10^6 t CO2 / yr,Freight,Ship,All,Liquid,Liquid,,,,[All]
[All],[All],[All + World],CO2 Emissions (ttw),10^6 t CO2 / yr,Freight,Ship,All,Natural gas,Natural gas,,,,[All]
[All],[All],[All + World],CO2 Emissions (ttw),10^6 t CO2 / yr,Passenger,Air,All,All (if no detail),All (if no detail),,,,[All]
[All],[All],[All + World],CO2 Emissions (ttw),10^6 t CO2 / yr,Passenger,Air,All,Electric,Electricity,,,,[All]
[All],[All],[All + World],CO2 Emissions (ttw),10^6 t CO2 / yr,Passenger,Air,All,Hydrogen,Hydrogen,,,,[All]
[All],[All],[All + World],CO2 Emissions (ttw),10^6 t CO2 / yr,Passenger,Air,All,Liquid,Liquid,,,,[All]
[All],[All],[All + World],CO2 Emissions (ttw),10^6 t CO2 / yr,Passenger,Rail,All,All (if no detail),All (if no detail),,,,[All]
[All],[All],[All + World],CO2 Emissions (ttw),10^6 t CO2 / yr,Passenger,Rail,All,Electric,Electricity,,,,[All]
[All],[All],[All + World],CO2 Emissions (ttw),10^6 t CO2 / yr,Passenger,Rail,All,Hydrogen,Hydrogen,,,,[All]
[All],[All],[All + World],CO2 Emissions (ttw),10^6 t CO2 / yr,Passenger,Rail,All,Liquid,Liquid,,,,[All]
[All],[All],[All + World],CO2 Emissions (ttw),10^6 t CO2 / yr,Passenger,Rail,All,Natural gas,Natural gas,,,,[All]
[All],[All],[All + World],CO2 Emissions (ttw),10^6 t CO2 / yr,Passenger,Road,2W+3W,All (if no detail),All (if no detail),,,,[All]
[All],[All],[All + World],CO2 Emissions (ttw),10^6 t CO2 / yr,Passenger,Road,2W+3W,Electric,Electricity,,,,[All]
[All],[All],[All + World],CO2 Emissions (ttw),10^6 t CO2 / yr,Passenger,Road,2W+3W,Hydrogen,Hydrogen,,,,[All]
[All],[All],[All + World],CO2 Emissions (ttw),10^6 t CO2 / yr,Passenger,Road,2W+3W,Liquid,Liquid,,,,[All]
[All],[All],[All + World],CO2 Emissions (ttw),10^6 t CO2 / yr,Passenger,Road,2W+3W,Natural gas,Natural gas,,,,[All]
[All],[All],[All + World],CO2 Emissions (ttw),10^6 t CO2 / yr,Passenger,Road,2W+3W,PHEV,Liquid,,,,[All]
[All],[All],[All + World],CO2 Emissions (ttw),10^6 t CO2 / yr,Passenger,Road,2W+3W,PHEV,Electricity,,,,[All]
[All],[All],[All + World],CO2 Emissions (ttw),10^6 t CO2 / yr,Passenger,Road,All (if no detail),All (if no detail),All (if no detail),,,,[All]
[All],[All],[All + World],CO2 Emissions (ttw),10^6 t CO2 / yr,Passenger,Road,All (if no detail),Electric,Electricity,,,,[All]
[All],[All],[All + World],CO2 Emissions (ttw),10^6 t CO2 / yr,Passenger,Road,All (if no detail),Hydrogen,Hydrogen,,,,[All]
[All],[All],[All + World],CO2 Emissions (ttw),10^6 t CO2 / yr,Passenger,Road,All (if no detail),Liquid,Liquid,,,,[All]
[All],[All],[All + World],CO2 Emissions (ttw),10^6 t CO2 / yr,Passenger,Road,All (if no detail),Natural gas,Natural gas,,,,[All]
[All],[All],[All + World],CO2 Emissions (ttw),10^6 t CO2 / yr,Passenger,Road,Bus,All (if no detail),All (if no detail),,,,[All]
[All],[All],[All + World],CO2 Emissions (ttw),10^6 t CO2 / yr,Passenger,Road,Bus,Electric,Electricity,,,,[All]
[All],[All],[All + World],CO2 Emissions (ttw),10^6 t CO2 / yr,Passenger,Road,Bus,Hydrogen,Hydrogen,,,,[All]
[All],[All],[All + World],CO2 Emissions (ttw),10^6 t CO2 / yr,Passenger,Road,Bus,Liquid,Liquid,,,,[All]
[All],[All],[All + World],CO2 Emissions (ttw),10^6 t CO2 / yr,Passenger,Road,Bus,Natural gas,Natural gas,,,,[All]
[All],[All],[All + World],CO2 Emissions (ttw),10^6 t CO2 / yr,Passenger,Road,Bus,PHEV,Liquid,,,,[All]
[All],[All],[All + World],CO2 Emissions (ttw),10^6 t CO2 / yr,Passenger,Road,Bus,PHEV,Electricity,,,,[All]
[All],[All],[All + World],CO2 Emissions (ttw),10^6 t CO2 / yr,Passenger,Road,LDV,All (if no detail),All (if no detail),,,,[All]
[All],[All],[All + World],CO2 Emissions (ttw),10^6 t CO2 / yr,Passenger,Road,LDV,Electric,Electricity,,,,[All]
[All],[All],[All + World],CO2 Emissions (ttw),10^6 t CO2 / yr,Passenger,Road,LDV,Hydrogen,Hydrogen,,,,[All]
[All],[All],[All + World],CO2 Emissions (ttw),10^6 t CO2 / yr,Passenger,Road,LDV,Liquid,Liquid,,,,[All]
[All],[All],[All + World],CO2 Emissions (ttw),10^6 t CO2 / yr,Passenger,Road,LDV,Natural gas,Natural gas,,,,[All]
[All],[All],[All + World],CO2 Emissions (ttw),10^6 t CO2 / yr,Passenger,Road,LDV,PHEV,Liquid,,,,[All]
[All],[All],[All + World],CO2 Emissions (ttw),10^6 t CO2 / yr,Passenger,Road,LDV,PHEV,Electricity,,,,[All]
[All],[All],[All + World],CO2 Emissions (wtw),10^6 t CO2 / yr,Freight,Air,All,All (if no detail),All (if no detail),,,,[All]
[All],[All],[All + World],CO2 Emissions (wtw),10^6 t CO2 / yr,Freight,Air,All,Electric,Electricity,,,,[All]
[All],[All],[All + World],CO2 Emissions (wtw),10^6 t CO2 / yr,Freight,Air,All,Hydrogen,Hydrogen,,,,[All]
[All],[All],[All + World],CO2 Emissions (wtw),10^6 t CO2 / yr,Freight,Air,All,Liquid,Liquid,,,,[All]
[All],[All],[All + World],CO2 Emissions (wtw),10^6 t CO2 / yr,Freight,Rail,All,All (if no detail),All (if no detail),,,,[All]
[All],[All],[All + World],CO2 Emissions (wtw),10^6 t CO2 / yr,Freight,Rail,All,Electric,Electricity,,,,[All]
[All],[All],[All + World],CO2 Emissions (wtw),10^6 t CO2 / yr,Freight,Rail,All,Hydrogen,Hydrogen,,,,[All]
[All],[All],[All + World],CO2 Emissions (wtw),10^6 t CO2 / yr,Freight,Rail,All,Liquid,Liquid,,,,[All]
[All],[All],[All + World],CO2 Emissions (wtw),10^6 t CO2 / yr,Freight,Rail,All,Natural gas,Natural gas,,,,[All]
[All],[All],[All + World],CO2 Emissions (wtw),10^6 t CO2 / yr,Freight,Road,All (if no detail),All (if no detail),All (if no detail),,,,[All]
[All],[All],[All + World],CO2 Emissions (wtw),10^6 t CO2 / yr,Freight,Road,All (if no detail),Electric,Electricity,,,,[All]
[All],[All],[All + World],CO2 Emissions (wtw),10^6 t CO2 / yr,Freight,Road,All (if no detail),Hydrogen,Hydrogen,,,,[All]
[All],[All],[All + World],CO2 Emissions (wtw),10^6 t CO2 / yr,Freight,Road,All (if no detail),Liquid,Liquid,,,,[All]
[All],[All],[All + World],CO2 Emissions (wtw),10^6 t CO2 / yr,Freight,Road,All (if no detail),Natural gas,Natural gas,,,,[All]
[All],[All],[All + World],CO2 Emissions (wtw),10^6 t CO2 / yr,Freight,Road,All (if no detail),PHEV,Liquid,,,,[All]
[All],[All],[All + World],CO2 Emissions (wtw),10^6 t CO2 / yr,Freight,Road,All (if no detail),PHEV,Electricity,,,,[All]
[All],[All],[All + World],CO2 Emissions (wtw),10^6 t CO2 / yr,Freight,Road,Heavy truck,All (if no detail),All (if no detail),,,,[All]
[All],[All],[All + World],CO2 Emissions (wtw),10^6 t CO2 / yr,Freight,Road,Heavy truck,Electric,Electricity,,,,[All]
[All],[All],[All + World],CO2 Emissions (wtw),10^6 t CO2 / yr,Freight,Road,Heavy truck,Hydrogen,Hydrogen,,,,[All]
[All],[All],[All + World],CO2 Emissions (wtw),10^6 t CO2 / yr,Freight,Road,Heavy truck,Liquid,Liquid,,,,[All]
[All],[All],[All + World],CO2 Emissions (wtw),10^6 t CO2 / yr,Freight,Road,Heavy truck,Natural gas,Natural gas,,,,[All]
[All],[All],[All + World],CO2 Emissions (wtw),10^6 t CO2 / yr,Freight,Road,Heavy truck,PHEV,Liquid,,,,[All]
[All],[All],[All + World],CO2 Emissions (wtw),10^6 t CO2 / yr,Freight,Road,Heavy truck,PHEV,Electricity,,,,[All]
[All],[All],[All + World],CO2 Emissions (wtw),10^6 t CO2 / yr,Freight,Road,Light truck,All (if no detail),All (if no detail),,,,[All]
[All],[All],[All + World],CO2 Emissions (wtw),10^6 t CO2 / yr,Freight,Road,Light truck,Electric,Electricity,,,,[All]
[All],[All],[All + World],CO2 Emissions (wtw),10^6 t CO2 / yr,Freight,Road,Light truck,Hydrogen,Hydrogen,,,,[All]
[All],[All],[All + World],CO2 Emissions (wtw),10^6 t CO2 / yr,Freight,Road,Light truck,Liquid,Liquid,,,,[All]
[All],[All],[All + World],CO2 Emissions (wtw),10^6 t CO2 / yr,Freight,Road,Light truck,Natural gas,Natural gas,,,,[All]
[All],[All],[All + World],CO2 Emissions (wtw),10^6 t CO2 / yr,Freight,Road,Light truck,PHEV,Liquid,,,,[All]
[All],[All],[All + World],CO2 Emissions (wtw),10^6 t CO2 / yr,Freight,Road,Light truck,PHEV,Electricity,,,,[All]
[All],[All],[All + World],CO2 Emissions (wtw),10^6 t CO2 / yr,Freight,Road,Medium truck,All (if no detail),All (if no detail),,,,[All]
[All],[All],[All + World],CO2 Emissions (wtw),10^6 t CO2 / yr,Freight,Road,Medium truck,Electric,Electricity,,,,[All]
[All],[All],[All + World],CO2 Emissions (wtw),10^6 t CO2 / yr,Freight,Road,Medium truck,Hydrogen,Hydrogen,,,,[All]
[All],[All],[All + World],CO2 Emissions (wtw),10^6 t CO2 / yr,Freight,Road,Medium truck,Liquid,Liquid,,,,[All]
[All],[All],[All + World],CO2 Emissions (wtw),10^6 t CO2 / yr,Freight,Road,Medium truck,Natural gas,Natural gas,,,,[All]
[All],[All],[All + World],CO2 Emissions (wtw),10^6 t CO2 / yr,Freight,Road,Medium truck,PHEV,Liquid,,,,[All]
[All],[All],[All + World],CO2 Emissions (wtw),10^6 t CO2 / yr,Freight,Road,Medium truck,PHEV,Electricity,,,,[All]
[All],[All],[All + World],CO2 Emissions (wtw),10^6 t CO2 / yr,Freight,Ship,All,All (if no detail),All (if no detail),,,,[All]
[All],[All],[All + World],CO2 Emissions (wtw),10^6 t CO2 / yr,Freight,Ship,All,Electric,Electricity,,,,[All]
[All],[All],[All + World],CO2 Emissions (wtw),10^6 t CO2 / yr,Freight,Ship,All,Hydrogen,Hydrogen,,,,[All]
[All],[All],[All + World],CO2 Emissions (wtw),10^6 t CO2 / yr,Freight,Ship,All,Liquid,Liquid,,,,[All]
[All],[All],[All + World],CO2 Emissions (wtw),10^6 t CO2 / yr,Freight,Ship,All,Natural gas,Natural gas,,,,[All]
[All],[All],[All + World],CO2 Emissions (wtw),10^6 t CO2 / yr,Passenger,Air,All,All (if no detail),All (if no detail),,,,[All]
[All],[All],[All + World],CO2 Emissions (wtw),10^6 t CO2 / yr,Passenger,Air,All,Electric,Electricity,,,,[All]
[All],[All],[All + World],CO2 Emissions (wtw),10^6 t CO2 / yr,Passenger,Air,All,Hydrogen,Hydrogen,,,,[All]
[All],[All],[All + World],CO2 Emissions (wtw),10^6 t CO2 / yr,Passenger,Air,All,Liquid,Liquid,,,,[All]
[All],[All],[All + World],CO2 Emissions (wtw),10^6 t CO2 / yr,Passenger,Rail,All,All (if no detail),All (if no detail),,,,[All]
[All],[All],[All + World],CO2 Emissions (wtw),10^6 t CO2 / yr,Passenger,Rail,All,Electric,Electricity,,,,[All]
[All],[All],[All + World],CO2 Emissions (wtw),10^6 t CO2 / yr,Passenger,Rail,All,Hydrogen,Hydrogen,,,,[All]
[All],[All],[All + World],CO2 Emissions (wtw),10^6 t CO2 / yr,Passenger,Rail,All,Liquid,Liquid,,,,[All]
[All],[All],[All + World],CO2 Emissions (wtw),10^6 t CO2 / yr,Passenger,Rail,All,Natural gas,Natural gas,,,,[All]
[All],[All],[All + World],CO2 Emissions (wtw),10^6 t CO2 / yr,Passenger,Road,2W+3W,All (if no detail),All (if no detail),,,,[All]
[All],[All],[All + World],CO2 Emissions (wtw),10^6 t CO2 / yr,Passenger,Road,2W+3W,Electric,Electricity,,,,[All]
[All],[All],[All + World],CO2 Emissions (wtw),10^6 t CO2 / yr,Passenger,Road,2W+3W,Hydrogen,Hydrogen,,,,[All]
[All],[All],[All + World],CO2 Emissions (wtw),10^6 t CO2 / yr,Passenger,Road,2W+3W,Liquid,Liquid,,,,[All]
[All],[All],[All + World],CO2 Emissions (wtw),10^6 t CO2 / yr,Passenger,Road,2W+3W,Natural gas,Natural gas,,,,[All]
[All],[All],[All + World],CO2 Emissions (wtw),10^6 t CO2 / yr,Passenger,Road,2W+3W,PHEV,Liquid,,,,[All]
[All],[All],[All + World],CO2 Emissions (wtw),10^6 t CO2 / yr,Passenger,Road,2W+3W,PHEV,Electricity,,,,[All]
[All],[All],[All + World],CO2 Emissions (wtw),10^6 t CO2 / yr,Passenger,Road,All (if no detail),All (if no detail),All (if no detail),,,,[All]
[All],[All],[All + World],CO2 Emissions (wtw),10^6 t CO2 / yr,Passenger,Road,All (if no detail),Electric,Electricity,,,,[All]
[All],[All],[All + World],CO2 Emissions (wtw),10^6 t CO2 / yr,Passenger,Road,All (if no detail),Hydrogen,Hydrogen,,,,[All]
[All],[All],[All + World],CO2 Emissions (wtw),10^6 t CO2 / yr,Passenger,Road,All (if no detail),Liquid,Liquid,,,,[All]
[All],[All],[All + World],CO2 Emissions (wtw),10^6 t CO2 / yr,Passenger,Road,All (if no detail),Natural gas,Natural gas,,,,[All]
[All],[All],[All + World],CO2 Emissions (wtw),10^6 t CO2 / yr,Passenger,Road,Bus,All (if no detail),All (if no detail),,,,[All]
[All],[All],[All + World],CO2 Emissions (wtw),10^6 t CO2 / yr,Passenger,Road,Bus,Electric,Electricity,,,,[All]
[All],[All],[All + World],CO2 Emissions (wtw),10^6 t CO2 / yr,Passenger,Road,Bus,Hydrogen,Hydrogen,,,,[All]
[All],[All],[All + World],CO2 Emissions (wtw),10^6 t CO2 / yr,Passenger,Road,Bus,Liquid,Liquid,,,,[All]
[All],[All],[All + World],CO2 Emissions (wtw),10^6 t CO2 / yr,Passenger,Road,Bus,Natural gas,Natural gas,,,,[All]
[All],[All],[All + World],CO2 Emissions (wtw),10^6 t CO2 / yr,Passenger,Road,Bus,PHEV,Liquid,,,,[All]
[All],[All],[All + World],CO2 Emissions (wtw),10^6 t CO2 / yr,Passenger,Road,Bus,PHEV,Electricity,,,,[All]
[All],[All],[All + World],CO2 Emissions (wtw),10^6 t CO2 / yr,Passenger,Road,LDV,All (if no detail),All (if no detail),,,,[All]
[All],[All],[All + World],CO2 Emissions (wtw),10^6 t CO2 / yr,Passenger,Road,LDV,Electric,Electricity,,,,[All]
[All],[All],[All + World],CO2 Emissions (wtw),10^6 t CO2 / yr,Passenger,Road,LDV,Hydrogen,Hydrogen,,,,[All]
[All],[All],[All + World],CO2 Emissions (wtw),10^6 t CO2 / yr,Passenger,Road,LDV,Liquid,Liquid,,,,[All]
[All],[All],[All + World],CO2 Emissions (wtw),10^6 t CO2 / yr,Passenger,Road,LDV,Natural gas,Natural gas,,,,[All]
[All],[All],[All + World],CO2 Emissions (wtw),10^6 t CO2 / yr,Passenger,Road,LDV,PHEV,Liquid,,,,[All]
[All],[All],[All + World],CO2 Emissions (wtw),10^6 t CO2 / yr,Passenger,Road,LDV,PHEV,Electricity,,,,[All]
[All],[All],[All + World],Energy,PJ / yr,All (if no detail),All (if no detail),All (if no detail),All (if no detail),All (if no detail),,,,[All]
[All],[All],[All + World],Energy,PJ / yr,All (if no detail),All (if no detail),All (if no detail),Electric,Electricity,,,,[All]
[All],[All],[All + World],Energy,PJ / yr,All (if no detail),All (if no detail),All (if no detail),Hydrogen,Hydrogen,,,,[All]
[All],[All],[All + World],Energy,PJ / yr,All (if no detail),All (if no detail),All (if no detail),Liquid,Liquid,All (if no detail),,,[All]
[All],[All],[All + World],Energy,PJ / yr,All (if no detail),All (if no detail),All (if no detail),Liquid,Liquid,Petroleum fuels,,,[All]
[All],[All],[All + World],Energy,PJ / yr,All (if no detail),All (if no detail),All (if no detail),Liquid,Liquid,Liquid biofuels,,,[All]
[All],[All],[All + World],Energy,PJ / yr,All (if no detail),All (if no detail),All (if no detail),Liquid,Liquid,Synthetic fuels,,,[All]
[All],[All],[All + World],Energy,PJ / yr,Freight,Air,All,All (if no detail),All (if no detail),,,,[All]
[All],[All],[All + World],Energy,PJ / yr,Freight,Air,All,Electric,Electricity,,,,[All]
[All],[All],[All + World],Energy,PJ / yr,Freight,Air,All,Hydrogen,Hydrogen,,,,[All]
[All],[All],[All + World],Energy,PJ / yr,Freight,Air,All,Liquid,Liquid,All (if no detail),,,[All]
[All],[All],[All + World],Energy,PJ / yr,Freight,Air,All,Liquid,Liquid,Petroleum fuels,,,[All]
[All],[All],[All + World],Energy,PJ / yr,Freight,Air,All,Liquid,Liquid,Liquid biofuels,,,[All]
[All],[All],[All + World],Energy,PJ / yr,Freight,Air,All,Liquid,Liquid,Synthetic fuels,,,[All]
[All],[All],[All + World],Energy,PJ / yr,Freight,Rail,All,All (if no detail),All (if no detail),,,,[All]
[All],[All],[All + World],Energy,PJ / yr,Freight,Rail,All,Electric,Electricity,,,,[All]
[All],[All],[All + World],Energy,PJ / yr,Freight,Rail,All,Hydrogen,Hydrogen,,,,[All]
[All],[All],[All + World],Energy,PJ / yr,Freight,Rail,All,Liquid,Liquid,All (if no detail),,,[All]
[All],[All],[All + World],Energy,PJ / yr,Freight,Rail,All,Liquid,Liquid,Petroleum fuels,,,[All]
[All],[All],[All + World],Energy,PJ / yr,Freight,Rail,All,Liquid,Liquid,Liquid biofuels,,,[All]
[All],[All],[All + World],Energy,PJ / yr,Freight,Rail,All,Liquid,Liquid,Synthetic fuels,,,[All]
[All],[All],[All + World],Energy,PJ / yr,Freight,Rail,All,Natural gas,Natural gas,,,,[All]
[All],[All],[All + World],Energy,PJ / yr,Freight,Road,All (if no detail),All (if no detail),All (if no detail),,,,[All]
[All],[All],[All + World],Energy,PJ / yr,Freight,Road,All (if no detail),Electric,Electricity,,,,[All]
[All],[All],[All + World],Energy,PJ / yr,Freight,Road,All (if no detail),Hydrogen,Hydrogen,,,,[All]
[All],[All],[All + World],Energy,PJ / yr,Freight,Road,All (if no detail),Liquid,Liquid,All (if no detail),,,[All]
[All],[All],[All + World],Energy,PJ / yr,Freight,Road,All (if no detail),Liquid,Liquid,Petroleum fuels,,,[All]
[All],[All],[All + World],Energy,PJ / yr,Freight,Road,All (if no detail),Liquid,Liquid,Liquid biofuels,,,[All]
[All],[All],[All + World],Energy,PJ / yr,Freight,Road,All (if no detail),Liquid,Liquid,Synthetic fuels,,,[All]
[All],[All],[All + World],Energy,PJ / yr,Freight,Road,All (if no detail),Natural gas,Natural gas,,,,[All]
[All],[All],[All + World],Energy,PJ / yr,Freight,Road,All (if no detail),PHEV,Liquid,All (if no detail),,,[All]
[All],[All],[All + World],Energy,PJ / yr,Freight,Road,All (if no detail),PHEV,Liquid,Petroleum fuels,,,[All]
[All],[All],[All + World],Energy,PJ / yr,Freight,Road,All (if no detail),PHEV,Liquid,Liquid biofuels,,,[All]
[All],[All],[All + World],Energy,PJ / yr,Freight,Road,All (if no detail),PHEV,Liquid,Synthetic fuels,,,[All]
[All],[All],[All + World],Energy,PJ / yr,Freight,Road,All (if no detail),PHEV,Electricity,,,,[All]
[All],[All],[All + World],Energy,PJ / yr,Freight,Road,Heavy truck,All (if no detail),All (if no detail),,,,[All]
[All],[All],[All + World],Energy,PJ / yr,Freight,Road,Heavy truck,Electric,Electricity,,,,[All]
[All],[All],[All + World],Energy,PJ / yr,Freight,Road,Heavy truck,Hydrogen,Hydrogen,,,,[All]
[All],[All],[All + World],Energy,PJ / yr,Freight,Road,Heavy truck,Liquid,Liquid,All (if no detail),,,[All]
[All],[All],[All + World],Energy,PJ / yr,Freight,Road,Heavy truck,Liquid,Liquid,Petroleum fuels,,,[All]
[All],[All],[All + World],Energy,PJ / yr,Freight,Road,Heavy truck,Liquid,Liquid,Liquid biofuels,,,[All]
[All],[All],[All + World],Energy,PJ / yr,Freight,Road,Heavy truck,Liquid,Liquid,Synthetic fuels,,,[All]
[All],[All],[All + World],Energy,PJ / yr,Freight,Road,Heavy truck,Natural gas,Natural gas,,,,[All]
[All],[All],[All + World],Energy,PJ / yr,Freight,Road,Heavy truck,PHEV,Liquid,All (if no detail),,,[All]
[All],[All],[All + World],Energy,PJ / yr,Freight,Road,Heavy truck,PHEV,Liquid,Petroleum fuels,,,[All]
[All],[All],[All + World],Energy,PJ / yr,Freight,Road,Heavy truck,PHEV,Liquid,Liquid biofuels,,,[All]
[All],[All],[All + World],Energy,PJ / yr,Freight,Road,Heavy truck,PHEV,Liquid,Synthetic fuels,,,[All]
[All],[All],[All + World],Energy,PJ / yr,Freight,Road,Heavy truck,PHEV,Electricity,,,,[All]
[All],[All],[All + World],Energy,PJ / yr,Freight,Road,Light truck,All (if no detail),All (if no detail),,,,[All]
[All],[All],[All + World],Energy,PJ / yr,Freight,Road,Light truck,Electric,Electricity,,,,[All]
[All],[All],[All + World],Energy,PJ / yr,Freight,Road,Light truck,Hydrogen,Hydrogen,,,,[All]
[All],[All],[All + World],Energy,PJ / yr,Freight,Road,Light truck,Liquid,Liquid,All (if no detail),,,[All]
[All],[All],[All + World],Energy,PJ / yr,Freight,Road,Light truck,Liquid,Liquid,Petroleum fuels,,,[All]
[All],[All],[All + World],Energy,PJ / yr,Freight,Road,Light truck,Liquid,Liquid,Liquid biofuels,,,[All]
[All],[All],[All + World],Energy,PJ / yr,Freight,Road,Light truck,Liquid,Liquid,Synthetic fuels,,,[All]
[All],[All],[All + World],Energy,PJ / yr,Freight,Road,Light truck,Natural gas,Natural gas,,,,[All]
[All],[All],[All + World],Energy,PJ / yr,Freight,Road,Light truck,PHEV,Liquid,All (if no detail),,,[All]
[All],[All],[All + World],Energy,PJ / yr,Freight,Road,Light truck,PHEV,Liquid,Petroleum fuels,,,[All]
[All],[All],[All + World],Energy,PJ / yr,Freight,Road,Light truck,PHEV,Liquid,Liquid biofuels,,,[All]
[All],[All],[All + World],Energy,PJ / yr,Freight,Road,Light truck,PHEV,Liquid,Synthetic fuels,,,[All]
[All],[All],[All + World],Energy,PJ / yr,Freight,Road,Light truck,PHEV,Electricity,,,,[All]
[All],[All],[All + World],Energy,PJ / yr,Freight,Road,Medium truck,All (if no detail),All (if no detail),,,,[All]
[All],[All],[All + World],Energy,PJ / yr,Freight,Road,Medium truck,Electric,Electricity,,,,[All]
[All],[All],[All + World],Energy,PJ / yr,Freight,Road,Medium truck,Hydrogen,Hydrogen,,,,[All]
[All],[All],[All + World],Energy,PJ / yr,Freight,Road,Medium truck,Liquid,Liquid,All (if no detail),,,[All]
[All],[All],[All + World],Energy,PJ / yr,Freight,Road,Medium truck,Liquid,Liquid,Petroleum fuels,,,[All]
[All],[All],[All + World],Energy,PJ / yr,Freight,Road,Medium truck,Liquid,Liquid,Liquid biofuels,,,[All]
[All],[All],[All + World],Energy,PJ / yr,Freight,Road,Medium truck,Liquid,Liquid,Synthetic fuels,,,[All]
[All],[All],[All + World],Energy,PJ / yr,Freight,Road,Medium truck,Natural gas,Natural gas,,,,[All]
[All],[All],[All + World],Energy,PJ / yr,Freight,Road,Medium truck,PHEV,Liquid,All (if no detail),,,[All]
[All],[All],[All + World],Energy,PJ / yr,Freight,Road,Medium truck,PHEV,Liquid,Petroleum fuels,,,[All]
[All],[All],[All + World],Energy,PJ / yr,Freight,Road,Medium truck,PHEV,Liquid,Liquid biofuels,,,[All]
[All],[All],[All + World],Energy,PJ / yr,Freight,Road,Medium truck,PHEV,Liquid,Synthetic fuels,,,[All]
[All],[All],[All + World],Energy,PJ / yr,Freight,Road,Medium truck,PHEV,Electricity,,,,[All]
[All],[All],[All + World],Energy,PJ / yr,Freight,Ship,All,All (if no detail),All (if no detail),,,,[All]
[All],[All],[All + World],Energy,PJ / yr,Freight,Ship,All,Electric,Electricity,,,,[All]
[All],[All],[All + World],Energy,PJ / yr,Freight,Ship,All,Hydrogen,Hydrogen,,,,[All]
[All],[All],[All + World],Energy,PJ / yr,Freight,Ship,All,Liquid,Liquid,All (if no detail),,,[All]
[All],[All],[All + World],Energy,PJ / yr,Freight,Ship,All,Liquid,Liquid,Petroleum fuels,,,[All]
[All],[All],[All + World],Energy,PJ / yr,Freight,Ship,All,Liquid,Liquid,Liquid biofuels,,,[All]
[All],[All],[All + World],Energy,PJ / yr,Freight,Ship,All,Liquid,Liquid,Synthetic fuels,,,[All]
[All],[All],[All + World],Energy,PJ / yr,Freight,Ship,All,Natural gas,Natural gas,,,,[All]
[All],[All],[All + World],Energy,PJ / yr,Passenger,Air,All,All (if no detail),All (if no detail),,,,[All]
[All],[All],[All + World],Energy,PJ / yr,Passenger,Air,All,Electric,Electricity,,,,[All]
[All],[All],[All + World],Energy,PJ / yr,Passenger,Air,All,Hydrogen,Hydrogen,,,,[All]
[All],[All],[All + World],Energy,PJ / yr,Passenger,Air,All,Liquid,Liquid,All (if no detail),,,[All]
[All],[All],[All + World],Energy,PJ / yr,Passenger,Air,All,Liquid,Liquid,Petroleum fuels,,,[All]
[All],[All],[All + World],Energy,PJ / yr,Passenger,Air,All,Liquid,Liquid,Liquid biofuels,,,[All]
[All],[All],[All + World],Energy,PJ / yr,Passenger,Air,All,Liquid,Liquid,Synthetic fuels,,,[All]
[All],[All],[All + World],Energy,PJ / yr,Passenger,Rail,All,All (if no detail),All (if no detail),,,,[All]
[All],[All],[All + World],Energy,PJ / yr,Passenger,Rail,All,Electric,Electricity,,,,[All]
[All],[All],[All + World],Energy,PJ / yr,Passenger,Rail,All,Hydrogen,Hydrogen,,,,[All]
[All],[All],[All + World],Energy,PJ / yr,Passenger,Rail,All,Liquid,Liquid,All (if no detail),,,[All]
[All],[All],[All + World],Energy,PJ / yr,Passenger,Rail,All,Liquid,Liquid,Petroleum fuels,,,[All]
[All],[All],[All + World],Energy,PJ / yr,Passenger,Rail,All,Liquid,Liquid,Liquid biofuels,,,[All]
[All],[All],[All + World],Energy,PJ / yr,Passenger,Rail,All,Liquid,Liquid,Synthetic fuels,,,[All]
[All],[All],[All + World],Energy,PJ / yr,Passenger,Rail,All,Natural gas,Natural gas,,,,[All]
[All],[All],[All + World],Energy,PJ / yr,Passenger,Road,2W+3W,All (if no detail),All (if no detail),,,,[All]
[All],[All],[All + World],Energy,PJ / yr,Passenger,Road,2W+3W,Electric,Electricity,,,,[All]
[All],[All],[All + World],Energy,PJ / yr,Passenger,Road,2W+3W,Hydrogen,Hydrogen,,,,[All]
[All],[All],[All + World],Energy,PJ / yr,Passenger,Road,2W+3W,Liquid,Liquid,All (if no detail),,,[All]
[All],[All],[All + World],Energy,PJ / yr,Passenger,Road,2W+3W,Liquid,Liquid,Petroleum fuels,,,[All]
[All],[All],[All + World],Energy,PJ / yr,Passenger,Road,2W+3W,Liquid,Liquid,Liquid biofuels,,,[All]
[All],[All],[All + World],Energy,PJ / yr,Passenger,Road,2W+3W,Liquid,Liquid,Synthetic fuels,,,[All]
[All],[All],[All + World],Energy,PJ / yr,Passenger,Road,2W+3W,Natural gas,Natural gas,,,,[All]
[All],[All],[All + World],Energy,PJ / yr,Passenger,Road,2W+3W,PHEV,Liquid,All (if no detail),,,[All]
[All],[All],[All + World],Energy,PJ / yr,Passenger,Road,2W+3W,PHEV,Liquid,Petroleum fuels,,,[All]
[All],[All],[All + World],Energy,PJ / yr,Passenger,Road,2W+3W,PHEV,Liquid,Liquid biofuels,,,[All]
[All],[All],[All + World],Energy,PJ / yr,Passenger,Road,2W+3W,PHEV,Liquid,Synthetic fuels,,,[All]
[All],[All],[All + World],Energy,PJ / yr,Passenger,Road,2W+3W,PHEV,Electricity,,,,[All]
[All],[All],[All + World],Energy,PJ / yr,Passenger,Road,All (if no detail),All (if no detail),All (if no detail),,,,[All]
[All],[All],[All + World],Energy,PJ / yr,Passenger,Road,All (if no detail),Electric,Electricity,,,,[All]
[All],[All],[All + World],Energy,PJ / yr,Passenger,Road,All (if no detail),Hydrogen,Hydrogen,,,,[All]
[All],[All],[All + World],Energy,PJ / yr,Passenger,Road,All (if no detail),Liquid,Liquid,All (if no detail),,,[All]
[All],[All],[All + World],Energy,PJ / yr,Passenger,Road,All (if no detail),Liquid,Liquid,Petroleum fuels,,,[All]
[All],[All],[All + World],Energy,PJ / yr,Passenger,Road,All (if no detail),Liquid,Liquid,Liquid biofuels,,,[All]
[All],[All],[All + World],Energy,PJ / yr,Passenger,Road,All (if no detail),Liquid,Liquid,Synthetic fuels,,,[All]
[All],[All],[All + World],Energy,PJ / yr,Passenger,Road,All (if no detail),Natural gas,Natural gas,,,,[All]
[All],[All],[All + World],Energy,PJ / yr,Passenger,Road,Bus,All (if no detail),All (if no detail),,,,[All]
[All],[All],[All + World],Energy,PJ / yr,Passenger,Road,Bus,Electric,Electricity,,,,[All]
[All],[All],[All + World],Energy,PJ / yr,Passenger,Road,Bus,Hydrogen,Hydrogen,,,,[All]
[All],[All],[All + World],Energy,PJ / yr,Passenger,Road,Bus,Liquid,Liquid,All (if no detail),,,[All]
[All],[All],[All + World],Energy,PJ / yr,Passenger,Road,Bus,Liquid,Liquid,Petroleum fuels,,,[All]
[All],[All],[All + World],Energy,PJ / yr,Passenger,Road,Bus,Liquid,Liquid,Liquid biofuels,,,[All]
[All],[All],[All + World],Energy,PJ / yr,Passenger,Road,Bus,Liquid,Liquid,Synthetic fuels,,,[All]
[All],[All],[All + World],Energy,PJ / yr,Passenger,Road,Bus,Natural gas,Natural gas,,,,[All]
[All],[All],[All + World],Energy,PJ / yr,Passenger,Road,Bus,PHEV,Liquid,All (if no detail),,,[All]
[All],[All],[All + World],Energy,PJ / yr,Passenger,Road,Bus,PHEV,Liquid,Petroleum fuels,,,[All]
[All],[All],[All + World],Energy,PJ / yr,Passenger,Road,Bus,PHEV,Liquid,Liquid biofuels,,,[All]
[All],[All],[All + World],Energy,PJ / yr,Passenger,Road,Bus,PHEV,Liquid,Synthetic fuels,,,[All]
[All],[All],[All + World],Energy,PJ / yr,Passenger,Road,Bus,PHEV,Electricity,,,,[All]
[All],[All],[All + World],Energy,PJ / yr,Passenger,Road,LDV,All (if no detail),All (if no detail),,,,[All]
[All],[All],[All + World],Energy,PJ / yr,Passenger,Road,LDV,Electric,Electricity,,,,[All]
[All],[All],[All + World],Energy,PJ / yr,Passenger,Road,LDV,Hydrogen,Hydrogen,,,,[All]
[All],[All],[All + World],Energy,PJ / yr,Passenger,Road,LDV,Liquid,Liquid,All (if no detail),,,[All]
[All],[All],[All + World],Energy,PJ / yr,Passenger,Road,LDV,Liquid,Liquid,Petroleum fuels,,,[All]
[All],[All],[All + World],Energy,PJ / yr,Passenger,Road,LDV,Liquid,Liquid,Liquid biofuels,,,[All]
[All],[All],[All + World],Energy,PJ / yr,Passenger,Road,LDV,Liquid,Liquid,Synthetic fuels,,,[All]
[All],[All],[All + World],Energy,PJ / yr,Passenger,Road,LDV,Natural gas,Natural gas,,,,[All]
[All],[All],[All + World],Energy,PJ / yr,Passenger,Road,LDV,PHEV,Liquid,All (if no detail),,,[All]
[All],[All],[All + World],Energy,PJ / yr,Passenger,Road,LDV,PHEV,Liquid,Petroleum fuels,,,[All]
[All],[All],[All + World],Energy,PJ / yr,Passenger,Road,LDV,PHEV,Liquid,Liquid biofuels,,,[All]
[All],[All],[All + World],Energy,PJ / yr,Passenger,Road,LDV,PHEV,Liquid,Synthetic fuels,,,[All]
[All],[All],[All + World],Energy,PJ / yr,Passenger,Road,LDV,PHEV,Electricity,,,,[All]
[All],[All],[All + World],Energy intensity (new vehicles),MJ / vehicle-km,Freight,Road,All (if no detail),All (if no detail),All (if no detail),,,,[All]
[All],[All],[All + World],Energy intensity (new vehicles),MJ / vehicle-km,Freight,Road,All (if no detail),Electric,Electricity,,,,[All]
[All],[All],[All + World],Energy intensity (new vehicles),MJ / vehicle-km,Freight,Road,All (if no detail),Hydrogen,Hydrogen,,,,[All]
[All],[All],[All + World],Energy intensity (new vehicles),MJ / vehicle-km,Freight,Road,All (if no detail),Liquid,Liquid,,,,[All]
[All],[All],[All + World],Energy intensity (new vehicles),MJ / vehicle-km,Freight,Road,All (if no detail),Natural gas,Natural gas,,,,[All]
[All],[All],[All + World],Energy intensity (new vehicles),MJ / vehicle-km,Freight,Road,All (if no detail),PHEV,Liquid,,,,[All]
[All],[All],[All + World],Energy intensity (new vehicles),MJ / vehicle-km,Freight,Road,All (if no detail),PHEV,Electricity,,,,[All]
[All],[All],[All + World],Energy intensity (new vehicles),MJ / vehicle-km,Freight,Road,Heavy truck,All (if no detail),All (if no detail),,,,[All]
[All],[All],[All + World],Energy intensity (new vehicles),MJ / vehicle-km,Freight,Road,Heavy truck,Electric,Electricity,,,,[All]
[All],[All],[All + World],Energy intensity (new vehicles),MJ / vehicle-km,Freight,Road,Heavy truck,Hydrogen,Hydrogen,,,,[All]
[All],[All],[All + World],Energy intensity (new vehicles),MJ / vehicle-km,Freight,Road,Heavy truck,Liquid,Liquid,,,,[All]
[All],[All],[All + World],Energy intensity (new vehicles),MJ / vehicle-km,Freight,Road,Heavy truck,Natural gas,Natural gas,,,,[All]
[All],[All],[All + World],Energy intensity (new vehicles),MJ / vehicle-km,Freight,Road,Heavy truck,PHEV,Liquid,,,,[All]
[All],[All],[All + World],Energy intensity (new vehicles),MJ / vehicle-km,Freight,Road,Heavy truck,PHEV,Electricity,,,,[All]
[All],[All],[All + World],Energy intensity (new vehicles),MJ / vehicle-km,Freight,Road,Light truck,All (if no detail),All (if no detail),,,,[All]
[All],[All],[All + World],Energy intensity (new vehicles),MJ / vehicle-km,Freight,Road,Light truck,Electric,Electricity,,,,[All]
[All],[All],[All + World],Energy intensity (new vehicles),MJ / vehicle-km,Freight,Road,Light truck,Hydrogen,Hydrogen,,,,[All]
[All],[All],[All + World],Energy intensity (new vehicles),MJ / vehicle-km,Freight,Road,Light truck,Liquid,Liquid,,,,[All]
[All],[All],[All + World],Energy intensity (new vehicles),MJ / vehicle-km,Freight,Road,Light truck,Natural gas,Natural gas,,,,[All]
[All],[All],[All + World],Energy intensity (new vehicles),MJ / vehicle-km,Freight,Road,Light truck,PHEV,Liquid,,,,[All]
[All],[All],[All + World],Energy intensity (new vehicles),MJ / vehicle-km,Freight,Road,Light truck,PHEV,Electricity,,,,[All]
[All],[All],[All + World],Energy intensity (new vehicles),MJ / vehicle-km,Freight,Road,Medium truck,All (if no detail),All (if no detail),,,,[All]
[All],[All],[All + World],Energy intensity (new vehicles),MJ / vehicle-km,Freight,Road,Medium truck,Electric,Electricity,,,,[All]
[All],[All],[All + World],Energy intensity (new vehicles),MJ / vehicle-km,Freight,Road,Medium truck,Hydrogen,Hydrogen,,,,[All]
[All],[All],[All + World],Energy intensity (new vehicles),MJ / vehicle-km,Freight,Road,Medium truck,Liquid,Liquid,,,,[All]
[All],[All],[All + World],Energy intensity (new vehicles),MJ / vehicle-km,Freight,Road,Medium truck,Natural gas,Natural gas,,,,[All]
[All],[All],[All + World],Energy intensity (new vehicles),MJ / vehicle-km,Freight,Road,Medium truck,PHEV,Liquid,,,,[All]
[All],[All],[All + World],Energy intensity (new vehicles),MJ / vehicle-km,Freight,Road,Medium truck,PHEV,Electricity,,,,[All]
[All],[All],[All + World],Energy intensity (new vehicles),MJ / vehicle-km,Passenger,Road,2W+3W,All (if no detail),All (if no detail),,,,[All]
[All],[All],[All + World],Energy intensity (new vehicles),MJ / vehicle-km,Passenger,Road,2W+3W,Electric,Electricity,,,,[All]
[All],[All],[All + World],Energy intensity (new vehicles),MJ / vehicle-km,Passenger,Road,2W+3W,Hydrogen,Hydrogen,,,,[All]
[All],[All],[All + World],Energy intensity (new vehicles),MJ / vehicle-km,Passenger,Road,2W+3W,Liquid,Liquid,,,,[All]
[All],[All],[All + World],Energy intensity (new vehicles),MJ / vehicle-km,Passenger,Road,2W+3W,Natural gas,Natural gas,,,,[All]
[All],[All],[All + World],Energy intensity (new vehicles),MJ / vehicle-km,Passenger,Road,2W+3W,PHEV,Liquid,,,,[All]
[All],[All],[All + World],Energy intensity (new vehicles),MJ / vehicle-km,Passenger,Road,2W+3W,PHEV,Electricity,,,,[All]
[All],[All],[All + World],Energy intensity (new vehicles),MJ / vehicle-km,Passenger,Road,Bus,All (if no detail),All (if no detail),,,,[All]
[All],[All],[All + World],Energy intensity (new vehicles),MJ / vehicle-km,Passenger,Road,Bus,Electric,Electricity,,,,[All]
[All],[All],[All + World],Energy intensity (new vehicles),MJ / vehicle-km,Passenger,Road,Bus,Hydrogen,Hydrogen,,,,[All]
[All],[All],[All + World],Energy intensity (new vehicles),MJ / vehicle-km,Passenger,Road,Bus,Liquid,Liquid,,,,[All]
[All],[All],[All + World],Energy intensity (new vehicles),MJ / vehicle-km,Passenger,Road,Bus,Natural gas,Natural gas,,,,[All]
[All],[All],[All + World],Energy intensity (new vehicles),MJ / vehicle-km,Passenger,Road,Bus,PHEV,Liquid,,,,[All]
[All],[All],[All + World],Energy intensity (new vehicles),MJ / vehicle-km,Passenger,Road,Bus,PHEV,Electricity,,,,[All]
[All],[All],[All + World],Energy intensity (new vehicles),MJ / vehicle-km,Passenger,Road,LDV,All (if no detail),All (if no detail),,,,[All]
[All],[All],[All + World],Energy intensity (new vehicles),MJ / vehicle-km,Passenger,Road,LDV,Electric,Electricity,,,,[All]
[All],[All],[All + World],Energy intensity (new vehicles),MJ / vehicle-km,Passenger,Road,LDV,Hydrogen,Hydrogen,,,,[All]
[All],[All],[All + World],Energy intensity (new vehicles),MJ / vehicle-km,Passenger,Road,LDV,Liquid,Liquid,,,,[All]
[All],[All],[All + World],Energy intensity (new vehicles),MJ / vehicle-km,Passenger,Road,LDV,Natural gas,Natural gas,,,,[All]
[All],[All],[All + World],Energy intensity (new vehicles),MJ / vehicle-km,Passenger,Road,LDV,PHEV,Liquid,,,,[All]
[All],[All],[All + World],Energy intensity (new vehicles),MJ / vehicle-km,Passenger,Road,LDV,PHEV,Electricity,,,,[All]
[All],[All],[All + World],Freight Activity,10^9 tonne-km / yr,Freight,Air,All,All (if no detail),All (if no detail),,,,[All]
[All],[All],[All + World],Freight Activity,10^9 tonne-km / yr,Freight,Air,All,Electric,Electricity,,,,[All]
[All],[All],[All + World],Freight Activity,10^9 tonne-km / yr,Freight,Air,All,Hydrogen,Hydrogen,,,,[All]
[All],[All],[All + World],Freight Activity,10^9 tonne-km / yr,Freight,Air,All,Liquid,Liquid,,,,[All]
[All],[All],[All + World],Freight Activity,10^9 tonne-km / yr,Freight,Rail,All,All (if no detail),All (if no detail),,,,[All]
[All],[All],[All + World],Freight Activity,10^9 tonne-km / yr,Freight,Rail,All,Electric,Electricity,,,,[All]
[All],[All],[All + World],Freight Activity,10^9 tonne-km / yr,Freight,Rail,All,Hydrogen,Hydrogen,,,,[All]
[All],[All],[All + World],Freight Activity,10^9 tonne-km / yr,Freight,Rail,All,Liquid,Liquid,,,,[All]
[All],[All],[All + World],Freight Activity,10^9 tonne-km / yr,Freight,Rail,All,Natural gas,Natural gas,,,,[All]
[All],[All],[All + World],Freight Activity,10^9 tonne-km / yr,Freight,Road,All,All,All,,AV,Own-supply,[All]
[All],[All],[All + World],Freight Activity,10^9 tonne-km / yr,Freight,Road,All,All,All,,AV,Hired,[All]
[All],[All],[All + World],Freight Activity,10^9 tonne-km / yr,Freight,Road,All,All,All,,non-AV,Own-supply,[All]
[All],[All],[All + World],Freight Activity,10^9 tonne-km / yr,Freight,Road,All,All,All,,non-AV,Hired,[All]
[All],[All],[All + World],Freight Activity,10^9 tonne-km / yr,Freight,Road,All (if no detail),All (if no detail),All (if no detail),,,,[All]
[All],[All],[All + World],Freight Activity,10^9 tonne-km / yr,Freight,Road,All (if no detail),Electric,Electricity,,,,[All]
[All],[All],[All + World],Freight Activity,10^9 tonne-km / yr,Freight,Road,All (if no detail),Hydrogen,Hydrogen,,,,[All]
[All],[All],[All + World],Freight Activity,10^9 tonne-km / yr,Freight,Road,All (if no detail),Liquid,Liquid,,,,[All]
[All],[All],[All + World],Freight Activity,10^9 tonne-km / yr,Freight,Road,All (if no detail),Natural gas,Natural gas,,,,[All]
[All],[All],[All + World],Freight Activity,10^9 tonne-km / yr,Freight,Road,All (if no detail),PHEV,Liquid,,,,[All]
[All],[All],[All + World],Freight Activity,10^9 tonne-km / yr,Freight,Road,All (if no detail),PHEV,Electricity,,,,[All]
[All],[All],[All + World],Freight Activity,10^9 tonne-km / yr,Freight,Road,Heavy truck,All (if no detail),All (if no detail),,,,[All]
[All],[All],[All + World],Freight Activity,10^9 tonne-km / yr,Freight,Road,Heavy truck,Electric,Electricity,,,,[All]
[All],[All],[All + World],Freight Activity,10^9 tonne-km / yr,Freight,Road,Heavy truck,Hydrogen,Hydrogen,,,,[All]
[All],[All],[All + World],Freight Activity,10^9 tonne-km / yr,Freight,Road,Heavy truck,Liquid,Liquid,,,,[All]
[All],[All],[All + World],Freight Activity,10^9 tonne-km / yr,Freight,Road,Heavy truck,Natural gas,Natural gas,,,,[All]
[All],[All],[All + World],Freight Activity,10^9 tonne-km / yr,Freight,Road,Heavy truck,PHEV,Liquid,,,,[All]
[All],[All],[All + World],Freight Activity,10^9 tonne-km / yr,Freight,Road,Heavy truck,PHEV,Electricity,,,,[All]
[All],[All],[All + World],Freight Activity,10^9 tonne-km / yr,Freight,Road,Light truck,All (if no detail),All (if no detail),,,,[All]
[All],[All],[All + World],Freight Activity,10^9 tonne-km / yr,Freight,Road,Light truck,Electric,Electricity,,,,[All]
[All],[All],[All + World],Freight Activity,10^9 tonne-km / yr,Freight,Road,Light truck,Hydrogen,Hydrogen,,,,[All]
[All],[All],[All + World],Freight Activity,10^9 tonne-km / yr,Freight,Road,Light truck,Liquid,Liquid,,,,[All]
[All],[All],[All + World],Freight Activity,10^9 tonne-km / yr,Freight,Road,Light truck,Natural gas,Natural gas,,,,[All]
[All],[All],[All + World],Freight Activity,10^9 tonne-km / yr,Freight,Road,Light truck,PHEV,Liquid,,,,[All]
[All],[All],[All + World],Freight Activity,10^9 tonne-km / yr,Freight,Road,Light truck,PHEV,Electricity,,,,[All]
[All],[All],[All + World],Freight Activity,10^9 tonne-km / yr,Freight,Road,Medium truck,All (if no detail),All (if no detail),,,,[All]
[All],[All],[All + World],Freight Activity,10^9 tonne-km / yr,Freight,Road,Medium truck,Electric,Electricity,,,,[All]
[All],[All],[All + World],Freight Activity,10^9 tonne-km / yr,Freight,Road,Medium truck,Hydrogen,Hydrogen,,,,[All]
[All],[All],[All + World],Freight Activity,10^9 tonne-km / yr,Freight,Road,Medium truck,Liquid,Liquid,,,,[All]
[All],[All],[All + World],Freight Activity,10^9 tonne-km / yr,Freight,Road,Medium truck,Natural gas,Natural gas,,,,[All]
[All],[All],[All + World],Freight Activity,10^9 tonne-km / yr,Freight,Road,Medium truck,PHEV,Liquid,,,,[All]
[All],[All],[All + World],Freight Activity,10^9 tonne-km / yr,Freight,Road,Medium truck,PHEV,Electricity,,,,[All]
[All],[All],[All + World],Freight Activity,10^9 tonne-km / yr,Freight,Ship,All,All (if no detail),All (if no detail),,,,[All]
[All],[All],[All + World],Freight Activity,10^9 tonne-km / yr,Freight,Ship,All,Electric,Electricity,,,,[All]
[All],[All],[All + World],Freight Activity,10^9 tonne-km / yr,Freight,Ship,All,Hydrogen,Hydrogen,,,,[All]
[All],[All],[All + World],Freight Activity,10^9 tonne-km / yr,Freight,Ship,All,Liquid,Liquid,,,,[All]
[All],[All],[All + World],Freight Activity,10^9 tonne-km / yr,Freight,Ship,All,Natural gas,Natural gas,,,,[All]
[All],[All],[All + World],NOx Emissions,10^3 t NOx / yr,Freight,Air,All,All (if no detail),All (if no detail),,,,[All]
[All],[All],[All + World],NOx Emissions,10^3 t NOx / yr,Freight,Air,All,Liquid,Liquid,,,,[All]
[All],[All],[All + World],NOx Emissions,10^3 t NOx / yr,Freight,Rail,All,All (if no detail),All (if no detail),,,,[All]
[All],[All],[All + World],NOx Emissions,10^3 t NOx / yr,Freight,Rail,All,Liquid,Liquid,,,,[All]
[All],[All],[All + World],NOx Emissions,10^3 t NOx / yr,Freight,Rail,All,Natural gas,Natural gas,,,,[All]
[All],[All],[All + World],NOx Emissions,10^3 t NOx / yr,Freight,Road,All (if no detail),All (if no detail),All (if no detail),,,,[All]
[All],[All],[All + World],NOx Emissions,10^3 t NOx / yr,Freight,Road,All (if no detail),Liquid,Liquid,,,,[All]
[All],[All],[All + World],NOx Emissions,10^3 t NOx / yr,Freight,Road,All (if no detail),Natural gas,Natural gas,,,,[All]
[All],[All],[All + World],NOx Emissions,10^3 t NOx / yr,Freight,Road,All (if no detail),PHEV,Liquid,,,,[All]
[All],[All],[All + World],NOx Emissions,10^3 t NOx / yr,Freight,Road,Heavy truck,All (if no detail),All (if no detail),,,,[All]
[All],[All],[All + World],NOx Emissions,10^3 t NOx / yr,Freight,Road,Heavy truck,Liquid,Liquid,,,,[All]
[All],[All],[All + World],NOx Emissions,10^3 t NOx / yr,Freight,Road,Heavy truck,Natural gas,Natural gas,,,,[All]
[All],[All],[All + World],NOx Emissions,10^3 t NOx / yr,Freight,Road,Heavy truck,PHEV,Liquid,,,,[All]
[All],[All],[All + World],NOx Emissions,10^3 t NOx / yr,Freight,Road,Light truck,All (if no detail),All (if no detail),,,,[All]
[All],[All],[All + World],NOx Emissions,10^3 t NOx / yr,Freight,Road,Light truck,Liquid,Liquid,,,,[All]
[All],[All],[All + World],NOx Emissions,10^3 t NOx / yr,Freight,Road,Light truck,Natural gas,Natural gas,,,,[All]
[All],[All],[All + World],NOx Emissions,10^3 t NOx / yr,Freight,Road,Light truck,PHEV,Liquid,,,,[All]
[All],[All],[All + World],NOx Emissions,10^3 t NOx / yr,Freight,Road,Medium truck,All (if no detail),All (if no detail),,,,[All]
[All],[All],[All + World],NOx Emissions,10^3 t NOx / yr,Freight,Road,Medium truck,Liquid,Liquid,,,,[All]
[All],[All],[All + World],NOx Emissions,10^3 t NOx / yr,Freight,Road,Medium truck,Natural gas,Natural gas,,,,[All]
[All],[All],[All + World],NOx Emissions,10^3 t NOx / yr,Freight,Road,Medium truck,PHEV,Liquid,,,,[All]
[All],[All],[All + World],NOx Emissions,10^3 t NOx / yr,Freight,Ship,All,All (if no detail),All (if no detail),,,,[All]
[All],[All],[All + World],NOx Emissions,10^3 t NOx / yr,Freight,Ship,All,Liquid,Liquid,,,,[All]
[All],[All],[All + World],NOx Emissions,10^3 t NOx / yr,Freight,Ship,All,Natural gas,Natural gas,,,,[All]
[All],[All],[All + World],NOx Emissions,10^3 t NOx / yr,Passenger,Air,All,All (if no detail),All (if no detail),,,,[All]
[All],[All],[All + World],NOx Emissions,10^3 t NOx / yr,Passenger,Air,All,Liquid,Liquid,,,,[All]
[All],[All],[All + World],NOx Emissions,10^3 t NOx / yr,Passenger,Rail,All,All (if no detail),All (if no detail),,,,[All]
[All],[All],[All + World],NOx Emissions,10^3 t NOx / yr,Passenger,Rail,All,Liquid,Liquid,,,,[All]
[All],[All],[All + World],NOx Emissions,10^3 t NOx / yr,Passenger,Rail,All,Natural gas,Natural gas,,,,[All]
[All],[All],[All + World],NOx Emissions,10^3 t NOx / yr,Passenger,Road,2W+3W,All (if no detail),All (if no detail),,,,[All]
[All],[All],[All + World],NOx Emissions,10^3 t NOx / yr,Passenger,Road,2W+3W,Liquid,Liquid,,,,[All]
[All],[All],[All + World],NOx Emissions,10^3 t NOx / yr,Passenger,Road,2W+3W,Natural gas,Natural gas,,,,[All]
[All],[All],[All + World],NOx Emissions,10^3 t NOx / yr,Passenger,Road,2W+3W,PHEV,Liquid,,,,[All]
[All],[All],[All + World],NOx Emissions,10^3 t NOx / yr,Passenger,Road,All (if no detail),All (if no detail),All (if no detail),,,,[All]
[All],[All],[All + World],NOx Emissions,10^3 t NOx / yr,Passenger,Road,All (if no detail),Liquid,Liquid,,,,[All]
[All],[All],[All + World],NOx Emissions,10^3 t NOx / yr,Passenger,Road,All (if no detail),Natural gas,Natural gas,,,,[All]
[All],[All],[All + World],NOx Emissions,10^3 t NOx / yr,Passenger,Road,Bus,All (if no detail),All (if no detail),,,,[All]
[All],[All],[All + World],NOx Emissions,10^3 t NOx / yr,Passenger,Road,Bus,Liquid,Liquid,,,,[All]
[All],[All],[All + World],NOx Emissions,10^3 t NOx / yr,Passenger,Road,Bus,Natural gas,Natural gas,,,,[All]
[All],[All],[All + World],NOx Emissions,10^3 t NOx / yr,Passenger,Road,Bus,PHEV,Liquid,,,,[All]
[All],[All],[All + World],NOx Emissions,10^3 t NOx / yr,Passenger,Road,LDV,All (if no detail),All (if no detail),,,,[All]
[All],[All],[All + World],NOx Emissions,10^3 t NOx / yr,Passenger,Road,LDV,Liquid,Liquid,,,,[All]
[All],[All],[All + World],NOx Emissions,10^3 t NOx / yr,Passenger,Road,LDV,Natural gas,Natural gas,,,,[All]
[All],[All],[All + World],NOx Emissions,10^3 t NOx / yr,Passenger,Road,LDV,PHEV,Liquid,,,,[All]
[All],[All],[All + World],Passenger Activity,10^9 passenger-km / yr,Passenger,Air,All,All (if no detail),All (if no detail),,,,[All]
[All],[All],[All + World],Passenger Activity,10^9 passenger-km / yr,Passenger,Air,All,Electric,Electricity,,,,[All]
[All],[All],[All + World],Passenger Activity,10^9 passenger-km / yr,Passenger,Air,All,Hydrogen,Hydrogen,,,,[All]
[All],[All],[All + World],Passenger Activity,10^9 passenger-km / yr,Passenger,Air,All,Liquid,Liquid,,,,[All]
[All],[All],[All + World],Passenger Activity,10^9 passenger-km / yr,Passenger,Rail,All,All (if no detail),All (if no detail),,,,[All]
[All],[All],[All + World],Passenger Activity,10^9 passenger-km / yr,Passenger,Rail,All,Electric,Electricity,,,,[All]
[All],[All],[All + World],Passenger Activity,10^9 passenger-km / yr,Passenger,Rail,All,Hydrogen,Hydrogen,,,,[All]
[All],[All],[All + World],Passenger Activity,10^9 passenger-km / yr,Passenger,Rail,All,Liquid,Liquid,,,,[All]
[All],[All],[All + World],Passenger Activity,10^9 passenger-km / yr,Passenger,Rail,All,Natural gas,Natural gas,,,,[All]
[All],[All],[All + World],Passenger Activity,10^9 passenger-km / yr,Passenger,Road,2W+3W,All (if no detail),All (if no detail),,,,[All]
[All],[All],[All + World],Passenger Activity,10^9 passenger-km / yr,Passenger,Road,2W+3W,Electric,Electricity,,,,[All]
[All],[All],[All + World],Passenger Activity,10^9 passenger-km / yr,Passenger,Road,2W+3W,Hydrogen,Hydrogen,,,,[All]
[All],[All],[All + World],Passenger Activity,10^9 passenger-km / yr,Passenger,Road,2W+3W,Liquid,Liquid,,,,[All]
[All],[All],[All + World],Passenger Activity,10^9 passenger-km / yr,Passenger,Road,2W+3W,Natural gas,Natural gas,,,,[All]
[All],[All],[All + World],Passenger Activity,10^9 passenger-km / yr,Passenger,Road,2W+3W,PHEV,Liquid,,,,[All]
[All],[All],[All + World],Passenger Activity,10^9 passenger-km / yr,Passenger,Road,2W+3W,PHEV,Electricity,,,,[All]
[All],[All],[All + World],Passenger Activity,10^9 passenger-km / yr,Passenger,Road,All (if no detail),All (if no detail),All (if no detail),,,,[All]
[All],[All],[All + World],Passenger Activity,10^9 passenger-km / yr,Passenger,Road,All (if no detail),Electric,Electricity,,,,[All]
[All],[All],[All + World],Passenger Activity,10^9 passenger-km / yr,Passenger,Road,All (if no detail),Hydrogen,Hydrogen,,,,[All]
[All],[All],[All + World],Passenger Activity,10^9 passenger-km / yr,Passenger,Road,All (if no detail),Liquid,Liquid,,,,[All]
[All],[All],[All + World],Passenger Activity,10^9 passenger-km / yr,Passenger,Road,All (if no detail),Natural gas,Natural gas,,,,[All]
[All],[All],[All + World],Passenger Activity,10^9 passenger-km / yr,Passenger,Road,Bus,All (if no detail),All (if no detail),,,,[All]
[All],[All],[All + World],Passenger Activity,10^9 passenger-km / yr,Passenger,Road,Bus,Electric,Electricity,,,,[All]
[All],[All],[All + World],Passenger Activity,10^9 passenger-km / yr,Passenger,Road,Bus,Hydrogen,Hydrogen,,,,[All]
[All],[All],[All + World],Passenger Activity,10^9 passenger-km / yr,Passenger,Road,Bus,Liquid,Liquid,,,,[All]
[All],[All],[All + World],Passenger Activity,10^9 passenger-km / yr,Passenger,Road,Bus,Natural gas,Natural gas,,,,[All]
[All],[All],[All + World],Passenger Activity,10^9 passenger-km / yr,Passenger,Road,Bus,PHEV,Liquid,,,,[All]
[All],[All],[All + World],Passenger Activity,10^9 passenger-km / yr,Passenger,Road,Bus,PHEV,Electricity,,,,[All]
[All],[All],[All + World],Passenger Activity,10^9 passenger-km / yr,Passenger,Road,LDV,All,All,,AV,Own-supply,[All]
[All],[All],[All + World],Passenger Activity,10^9 passenger-km / yr,Passenger,Road,LDV,All,All,,AV,Hired,[All]
[All],[All],[All + World],Passenger Activity,10^9 passenger-km / yr,Passenger,Road,LDV,All,All,,non-AV,Own-supply,[All]
[All],[All],[All + World],Passenger Activity,10^9 passenger-km / yr,Passenger,Road,LDV,All,All,,non-AV,Hired,[All]
[All],[All],[All + World],Passenger Activity,10^9 passenger-km / yr,Passenger,Road,LDV,All (if no detail),All (if no detail),,,,[All]
[All],[All],[All + World],Passenger Activity,10^9 passenger-km / yr,Passenger,Road,LDV,Electric,Electricity,,,,[All]
[All],[All],[All + World],Passenger Activity,10^9 passenger-km / yr,Passenger,Road,LDV,Hydrogen,Hydrogen,,,,[All]
[All],[All],[All + World],Passenger Activity,10^9 passenger-km / yr,Passenger,Road,LDV,Liquid,Liquid,,,,[All]
[All],[All],[All + World],Passenger Activity,10^9 passenger-km / yr,Passenger,Road,LDV,Natural gas,Natural gas,,,,[All]
[All],[All],[All + World],Passenger Activity,10^9 passenger-km / yr,Passenger,Road,LDV,PHEV,Liquid,,,,[All]
[All],[All],[All + World],Passenger Activity,10^9 passenger-km / yr,Passenger,Road,LDV,PHEV,Electricity,,,,[All]
[All],[All],[All + World],Sales (new vehicles),10^6 vehicle / yr,Freight,Road,All (if no detail),All (if no detail),All (if no detail),,,,[All]
[All],[All],[All + World],Sales (new vehicles),10^6 vehicle / yr,Freight,Road,All (if no detail),Electric,Electricity,,,,[All]
[All],[All],[All + World],Sales (new vehicles),10^6 vehicle / yr,Freight,Road,All (if no detail),Hydrogen,Hydrogen,,,,[All]
[All],[All],[All + World],Sales (new vehicles),10^6 vehicle / yr,Freight,Road,All (if no detail),Liquid,Liquid,,,,[All]
[All],[All],[All + World],Sales (new vehicles),10^6 vehicle / yr,Freight,Road,All (if no detail),Natural gas,Natural gas,,,,[All]
[All],[All],[All + World],Sales (new vehicles),10^6 vehicle / yr,Freight,Road,All (if no detail),PHEV,All,,,,[All]
[All],[All],[All + World],Sales (new vehicles),10^6 vehicle / yr,Freight,Road,Heavy truck,All (if no detail),All (if no detail),,,,[All]
[All],[All],[All + World],Sales (new vehicles),10^6 vehicle / yr,Freight,Road,Heavy truck,Electric,Electricity,,,,[All]
[All],[All],[All + World],Sales (new vehicles),10^6 vehicle / yr,Freight,Road,Heavy truck,Hydrogen,Hydrogen,,,,[All]
[All],[All],[All + World],Sales (new vehicles),10^6 vehicle / yr,Freight,Road,Heavy truck,Liquid,Liquid,,,,[All]
[All],[All],[All + World],Sales (new vehicles),10^6 vehicle / yr,Freight,Road,Heavy truck,Natural gas,Natural gas,,,,[All]
[All],[All],[All + World],Sales (new vehicles),10^6 vehicle / yr,Freight,Road,Heavy truck,PHEV,All,,,,[All]
[All],[All],[All + World],Sales (new vehicles),10^6 vehicle / yr,Freight,Road,Light truck,All (if no detail),All (if no detail),,,,[All]
[All],[All],[All + World],Sales (new vehicles),10^6 vehicle / yr,Freight,Road,Light truck,Electric,Electricity,,,,[All]
[All],[All],[All + World],Sales (new vehicles),10^6 vehicle / yr,Freight,Road,Light truck,Hydrogen,Hydrogen,,,,[All]
[All],[All],[All + World],Sales (new vehicles),10^6 vehicle / yr,Freight,Road,Light truck,Liquid,Liquid,,,,[All]
[All],[All],[All + World],Sales (new vehicles),10^6 vehicle / yr,Freight,Road,Light truck,Natural gas,Natural gas,,,,[All]
[All],[All],[All + World],Sales (new vehicles),10^6 vehicle / yr,Freight,Road,Light truck,PHEV,All,,,,[All]
[All],[All],[All + World],Sales (new vehicles),10^6 vehicle / yr,Freight,Road,Medium truck,All (if no detail),All (if no detail),,,,[All]
[All],[All],[All + World],Sales (new vehicles),10^6 vehicle / yr,Freight,Road,Medium truck,Electric,Electricity,,,,[All]
[All],[All],[All + World],Sales (new vehicles),10^6 vehicle / yr,Freight,Road,Medium truck,Hydrogen,Hydrogen,,,,[All]
[All],[All],[All + World],Sales (new vehicles),10^6 vehicle / yr,Freight,Road,Medium truck,Liquid,Liquid,,,,[All]
[All],[All],[All + World],Sales (new vehicles),10^6 vehicle / yr,Freight,Road,Medium truck,Natural gas,Natural gas,,,,[All]
[All],[All],[All + World],Sales (new vehicles),10^6 vehicle / yr,Freight,Road,Medium truck,PHEV,All,,,,[All]
[All],[All],[All + World],Sales (new vehicles),10^6 vehicle / yr,Passenger,Road,2W+3W,All (if no detail),All (if no detail),,,,[All]
[All],[All],[All + World],Sales (new vehicles),10^6 vehicle / yr,Passenger,Road,2W+3W,Electric,Electricity,,,,[All]
[All],[All],[All + World],Sales (new vehicles),10^6 vehicle / yr,Passenger,Road,2W+3W,Hydrogen,Hydrogen,,,,[All]
[All],[All],[All + World],Sales (new vehicles),10^6 vehicle / yr,Passenger,Road,2W+3W,Liquid,Liquid,,,,[All]
[All],[All],[All + World],Sales (new vehicles),10^6 vehicle / yr,Passenger,Road,2W+3W,Natural gas,Natural gas,,,,[All]
[All],[All],[All + World],Sales (new vehicles),10^6 vehicle / yr,Passenger,Road,2W+3W,PHEV,All,,,,[All]
[All],[All],[All + World],Sales (new vehicles),10^6 vehicle / yr,Passenger,Road,Bus,All (if no detail),All (if no detail),,,,[All]
[All],[All],[All + World],Sales (new vehicles),10^6 vehicle / yr,Passenger,Road,Bus,Electric,Electricity,,,,[All]
[All],[All],[All + World],Sales (new vehicles),10^6 vehicle / yr,Passenger,Road,Bus,Hydrogen,Hydrogen,,,,[All]
[All],[All],[All + World],Sales (new vehicles),10^6 vehicle / yr,Passenger,Road,Bus,Liquid,Liquid,,,,[All]
[All],[All],[All + World],Sales (new vehicles),10^6 vehicle / yr,Passenger,Road,Bus,Natural gas,Natural gas,,,,[All]
[All],[All],[All + World],Sales (new vehicles),10^6 vehicle / yr,Passenger,Road,Bus,PHEV,All,,,,[All]
[All],[All],[All + World],Sales (new vehicles),10^6 vehicle / yr,Passenger,Road,LDV,All (if no detail),All (if no detail),,,,[All]
[All],[All],[All + World],Sales (new vehicles),10^6 vehicle / yr,Passenger,Road,LDV,Electric,Electricity,,,,[All]
[All],[All],[All + World],Sales (new vehicles),10^6 vehicle / yr,Passenger,Road,LDV,Hydrogen,Hydrogen,,,,[All]
[All],[All],[All + World],Sales (new vehicles),10^6 vehicle / yr,Passenger,Road,LDV,Liquid,Liquid,,,,[All]
[All],[All],[All + World],Sales (new vehicles),10^6 vehicle / yr,Passenger,Road,LDV,Natural gas,Natural gas,,,,[All]
[All],[All],[All + World],Sales (new vehicles),10^6 vehicle / yr,Passenger,Road,LDV,PHEV,All,,,,[All]
[All],[All],[All + World],Sales (used vehicles),10^6 vehicle / yr,Freight,Road,All (if no detail),All (if no detail),All (if no detail),,,,[All]
[All],[All],[All + World],Sales (used vehicles),10^6 vehicle / yr,Freight,Road,All (if no detail),Electric,Electricity,,,,[All]
[All],[All],[All + World],Sales (used vehicles),10^6 vehicle / yr,Freight,Road,All (if no detail),Hydrogen,Hydrogen,,,,[All]
[All],[All],[All + World],Sales (used vehicles),10^6 vehicle / yr,Freight,Road,All (if no detail),Liquid,Liquid,,,,[All]
[All],[All],[All + World],Sales (used vehicles),10^6 vehicle / yr,Freight,Road,All (if no detail),Natural gas,Natural gas,,,,[All]
[All],[All],[All + World],Sales (used vehicles),10^6 vehicle / yr,Freight,Road,All (if no detail),PHEV,All,,,,[All]
[All],[All],[All + World],Sales (used vehicles),10^6 vehicle / yr,Freight,Road,All (if no detail),PHEV,Drop,,,,[All]
[All],[All],[All + World],Sales (used vehicles),10^6 vehicle / yr,Freight,Road,Heavy truck,All (if no detail),All (if no detail),,,,[All]
[All],[All],[All + World],Sales (used vehicles),10^6 vehicle / yr,Freight,Road,Heavy truck,Electric,Electricity,,,,[All]
[All],[All],[All + World],Sales (used vehicles),10^6 vehicle / yr,Freight,Road,Heavy truck,Hydrogen,Hydrogen,,,,[All]
[All],[All],[All + World],Sales (used vehicles),10^6 vehicle / yr,Freight,Road,Heavy truck,Liquid,Liquid,,,,[All]
[All],[All],[All + World],Sales (used vehicles),10^6 vehicle / yr,Freight,Road,Heavy truck,Natural gas,Natural gas,,,,[All]
[All],[All],[All + World],Sales (used vehicles),10^6 vehicle / yr,Freight,Road,Heavy truck,PHEV,All,,,,[All]
[All],[All],[All + World],Sales (used vehicles),10^6 vehicle / yr,Freight,Road,Heavy truck,PHEV,Drop,,,,[All]
[All],[All],[All + World],Sales (used vehicles),10^6 vehicle / yr,Freight,Road,Light truck,All (if no detail),All (if no detail),,,,[All]
[All],[All],[All + World],Sales (used vehicles),10^6 vehicle / yr,Freight,Road,Light truck,Electric,Electricity,,,,[All]
[All],[All],[All + World],Sales (used vehicles),10^6 vehicle / yr,Freight,Road,Light truck,Hydrogen,Hydrogen,,,,[All]
[All],[All],[All + World],Sales (used vehicles),10^6 vehicle / yr,Freight,Road,Light truck,Liquid,Liquid,,,,[All]
[All],[All],[All + World],Sales (used vehicles),10^6 vehicle / yr,Freight,Road,Light truck,Natural gas,Natural gas,,,,[All]
[All],[All],[All + World],Sales (used vehicles),10^6 vehicle / yr,Freight,Road,Light truck,PHEV,All,,,,[All]
[All],[All],[All + World],Sales (used vehicles),10^6 vehicle / yr,Freight,Road,Light truck,PHEV,Drop,,,,[All]
[All],[All],[All + World],Sales (used vehicles),10^6 vehicle / yr,Freight,Road,Medium truck,All (if no detail),All (if no detail),,,,[All]
[All],[All],[All + World],Sales (used vehicles),10^6 vehicle / yr,Freight,Road,Medium truck,Electric,Electricity,,,,[All]
[All],[All],[All + World],Sales (used vehicles),10^6 vehicle / yr,Freight,Road,Medium truck,Hydrogen,Hydrogen,,,,[All]
[All],[All],[All + World],Sales (used vehicles),10^6 vehicle / yr,Freight,Road,Medium truck,Liquid,Liquid,,,,[All]
[All],[All],[All + World],Sales (used vehicles),10^6 vehicle / yr,Freight,Road,Medium truck,Natural gas,Natural gas,,,,[All]
[All],[All],[All + World],Sales (used vehicles),10^6 vehicle / yr,Freight,Road,Medium truck,PHEV,All,,,,[All]
[All],[All],[All + World],Sales (used vehicles),10^6 vehicle / yr,Freight,Road,Medium truck,PHEV,Drop,,,,[All]
[All],[All],[All + World],Sales (used vehicles),10^6 vehicle / yr,Passenger,Road,2W+3W,All (if no detail),All (if no detail),,,,[All]
[All],[All],[All + World],Sales (used vehicles),10^6 vehicle / yr,Passenger,Road,2W+3W,Electric,Electricity,,,,[All]
[All],[All],[All + World],Sales (used vehicles),10^6 vehicle / yr,Passenger,Road,2W+3W,Hydrogen,Hydrogen,,,,[All]
[All],[All],[All + World],Sales (used vehicles),10^6 vehicle / yr,Passenger,Road,2W+3W,Liquid,Liquid,,,,[All]
[All],[All],[All + World],Sales (used vehicles),10^6 vehicle / yr,Passenger,Road,2W+3W,Natural gas,Natural gas,,,,[All]
[All],[All],[All + World],Sales (used vehicles),10^6 vehicle / yr,Passenger,Road,2W+3W,PHEV,Liquid,,,,[All]
[All],[All],[All + World],Sales (used vehicles),10^6 vehicle / yr,Passenger,Road,2W+3W,PHEV,Electricity,,,,[All]
[All],[All],[All + World],Sales (used vehicles),10^6 vehicle / yr,Passenger,Road,Bus,All (if no detail),All (if no detail),,,,[All]
[All],[All],[All + World],Sales (used vehicles),10^6 vehicle / yr,Passenger,Road,Bus,Electric,Electricity,,,,[All]
[All],[All],[All + World],Sales (used vehicles),10^6 vehicle / yr,Passenger,Road,Bus,Hydrogen,Hydrogen,,,,[All]
[All],[All],[All + World],Sales (used vehicles),10^6 vehicle / yr,Passenger,Road,Bus,Liquid,Liquid,,,,[All]
[All],[All],[All + World],Sales (used vehicles),10^6 vehicle / yr,Passenger,Road,Bus,Natural gas,Natural gas,,,,[All]
[All],[All],[All + World],Sales (used vehicles),10^6 vehicle / yr,Passenger,Road,Bus,PHEV,Liquid,,,,[All]
[All],[All],[All + World],Sales (used vehicles),10^6 vehicle / yr,Passenger,Road,Bus,PHEV,Electricity,,,,[All]
[All],[All],[All + World],Sales (used vehicles),10^6 vehicle / yr,Passenger,Road,LDV,All (if no detail),All (if no detail),,,,[All]
[All],[All],[All + World],Sales (used vehicles),10^6 vehicle / yr,Passenger,Road,LDV,Electric,Electricity,,,,[All]
[All],[All],[All + World],Sales (used vehicles),10^6 vehicle / yr,Passenger,Road,LDV,Hydrogen,Hydrogen,,,,[All]
[All],[All],[All + World],Sales (used vehicles),10^6 vehicle / yr,Passenger,Road,LDV,Liquid,Liquid,,,,[All]
[All],[All],[All + World],Sales (used vehicles),10^6 vehicle / yr,Passenger,Road,LDV,Natural gas,Natural gas,,,,[All]
[All],[All],[All + World],Sales (used vehicles),10^6 vehicle / yr,Passenger,Road,LDV,PHEV,Liquid,,,,[All]
[All],[All],[All + World],Sales (used vehicles),10^6 vehicle / yr,Passenger,Road,LDV,PHEV,Electricity,,,,[All]
[All],[All],[All + World],Stock,10^6 vehicle,Freight,Road,All (if no detail),All (if no detail),All (if no detail),,,,[All]
[All],[All],[All + World],Stock,10^6 vehicle,Freight,Road,All (if no detail),Electric,Electricity,,,,[All]
[All],[All],[All + World],Stock,10^6 vehicle,Freight,Road,All (if no detail),Hydrogen,Hydrogen,,,,[All]
[All],[All],[All + World],Stock,10^6 vehicle,Freight,Road,All (if no detail),Liquid,Liquid,,,,[All]
[All],[All],[All + World],Stock,10^6 vehicle,Freight,Road,All (if no detail),Natural gas,Natural gas,,,,[All]
[All],[All],[All + World],Stock,10^6 vehicle,Freight,Road,All (if no detail),PHEV,All,,,,[All]
[All],[All],[All + World],Stock,10^6 vehicle,Freight,Road,Heavy truck,All (if no detail),All (if no detail),,,,[All]
[All],[All],[All + World],Stock,10^6 vehicle,Freight,Road,Heavy truck,Electric,Electricity,,,,[All]
[All],[All],[All + World],Stock,10^6 vehicle,Freight,Road,Heavy truck,Hydrogen,Hydrogen,,,,[All]
[All],[All],[All + World],Stock,10^6 vehicle,Freight,Road,Heavy truck,Liquid,Liquid,,,,[All]
[All],[All],[All + World],Stock,10^6 vehicle,Freight,Road,Heavy truck,Natural gas,Natural gas,,,,[All]
[All],[All],[All + World],Stock,10^6 vehicle,Freight,Road,Heavy truck,PHEV,All,,,,[All]
[All],[All],[All + World],Stock,10^6 vehicle,Freight,Road,Light truck,All (if no detail),All (if no detail),,,,[All]
[All],[All],[All + World],Stock,10^6 vehicle,Freight,Road,Light truck,Electric,Electricity,,,,[All]
[All],[All],[All + World],Stock,10^6 vehicle,Freight,Road,Light truck,Hydrogen,Hydrogen,,,,[All]
[All],[All],[All + World],Stock,10^6 vehicle,Freight,Road,Light truck,Liquid,Liquid,,,,[All]
[All],[All],[All + World],Stock,10^6 vehicle,Freight,Road,Light truck,Natural gas,Natural gas,,,,[All]
[All],[All],[All + World],Stock,10^6 vehicle,Freight,Road,Light truck,PHEV,All,,,,[All]
[All],[All],[All + World],Stock,10^6 vehicle,Freight,Road,Medium truck,All (if no detail),All (if no detail),,,,[All]
[All],[All],[All + World],Stock,10^6 vehicle,Freight,Road,Medium truck,Electric,Electricity,,,,[All]
[All],[All],[All + World],Stock,10^6 vehicle,Freight,Road,Medium truck,Hydrogen,Hydrogen,,,,[All]
[All],[All],[All + World],Stock,10^6 vehicle,Freight,Road,Medium truck,Liquid,Liquid,,,,[All]
[All],[All],[All + World],Stock,10^6 vehicle,Freight,Road,Medium truck,Natural gas,Natural gas,,,,[All]
[All],[All],[All + World],Stock,10^6 vehicle,Freight,Road,Medium truck,PHEV,All,,,,[All]
[All],[All],[All + World],Stock,10^6 vehicle,Passenger,Road,2W+3W,All (if no detail),All (if no detail),,,,[All]
[All],[All],[All + World],Stock,10^6 vehicle,Passenger,Road,2W+3W,Electric,Electricity,,,,[All]
[All],[All],[All + World],Stock,10^6 vehicle,Passenger,Road,2W+3W,Hydrogen,Hydrogen,,,,[All]
[All],[All],[All + World],Stock,10^6 vehicle,Passenger,Road,2W+3W,Liquid,Liquid,,,,[All]
[All],[All],[All + World],Stock,10^6 vehicle,Passenger,Road,2W+3W,Natural gas,Natural gas,,,,[All]
[All],[All],[All + World],Stock,10^6 vehicle,Passenger,Road,2W+3W,PHEV,All,,,,[All]
[All],[All],[All + World],Stock,10^6 vehicle,Passenger,Road,Bus,All (if no detail),All (if no detail),,,,[All]
[All],[All],[All + World],Stock,10^6 vehicle,Passenger,Road,Bus,Electric,Electricity,,,,[All]
[All],[All],[All + World],Stock,10^6 vehicle,Passenger,Road,Bus,Hydrogen,Hydrogen,,,,[All]
[All],[All],[All + World],Stock,10^6 vehicle,Passenger,Road,Bus,Liquid,Liquid,,,,[All]
[All],[All],[All + World],Stock,10^6 vehicle,Passenger,Road,Bus,Natural gas,Natural gas,,,,[All]
[All],[All],[All + World],Stock,10^6 vehicle,Passenger,Road,Bus,PHEV,All,,,,[All]
[All],[All],[All + World],Stock,10^6 vehicle,Passenger,Road,LDV,All (if no detail),All (if no detail),,,,[All]
[All],[All],[All + World],Stock,10^6 vehicle,Passenger,Road,LDV,Electric,Electricity,,,,[All]
[All],[All],[All + World],Stock,10^6 vehicle,Passenger,Road,LDV,Hydrogen,Hydrogen,,,,[All]
[All],[All],[All + World],Stock,10^6 vehicle,Passenger,Road,LDV,Liquid,Liquid,,,,[All]
[All],[All],[All + World],Stock,10^6 vehicle,Passenger,Road,LDV,Natural gas,Natural gas,,,,[All]
[All],[All],[All + World],Stock,10^6 vehicle,Passenger,Road,LDV,PHEV,All,,,,[All]
[All],[All],[All + World],Vehicle Activity,10^9 vehicle-km / yr,Freight,Air,All,All (if no detail),All (if no detail),,,,[All]
[All],[All],[All + World],Vehicle Activity,10^9 vehicle-km / yr,Freight,Air,All,Electric,Electricity,,,,[All]
[All],[All],[All + World],Vehicle Activity,10^9 vehicle-km / yr,Freight,Air,All,Hydrogen,Hydrogen,,,,[All]
[All],[All],[All + World],Vehicle Activity,10^9 vehicle-km / yr,Freight,Air,All,Liquid,Liquid,,,,[All]
[All],[All],[All + World],Vehicle Activity,10^9 vehicle-km / yr,Freight,Rail,All,All (if no detail),All (if no detail),,,,[All]
[All],[All],[All + World],Vehicle Activity,10^9 vehicle-km / yr,Freight,Rail,All,Electric,Electricity,,,,[All]
[All],[All],[All + World],Vehicle Activity,10^9 vehicle-km / yr,Freight,Rail,All,Hydrogen,Hydrogen,,,,[All]
[All],[All],[All + World],Vehicle Activity,10^9 vehicle-km / yr,Freight,Rail,All,Liquid,Liquid,,,,[All]
[All],[All],[All + World],Vehicle Activity,10^9 vehicle-km / yr,Freight,Rail,All,Natural gas,Natural gas,,,,[All]
[All],[All],[All + World],Vehicle Activity,10^9 vehicle-km / yr,Freight,Road,All,All,All,,AV,Own-supply,[All]
[All],[All],[All + World],Vehicle Activity,10^9 vehicle-km / yr,Freight,Road,All,All,All,,AV,Hired,[All]
[All],[All],[All + World],Vehicle Activity,10^9 vehicle-km / yr,Freight,Road,All,All,All,,non-AV,Own-supply,[All]
[All],[All],[All + World],Vehicle Activity,10^9 vehicle-km / yr,Freight,Road,All,All,All,,non-AV,Hired,[All]
[All],[All],[All + World],Vehicle Activity,10^9 vehicle-km / yr,Freight,Road,All (if no detail),All (if no detail),All (if no detail),,,,[All]
[All],[All],[All + World],Vehicle Activity,10^9 vehicle-km / yr,Freight,Road,All (if no detail),Electric,Electricity,,,,[All]
[All],[All],[All + World],Vehicle Activity,10^9 vehicle-km / yr,Freight,Road,All (if no detail),Hydrogen,Hydrogen,,,,[All]
[All],[All],[All + World],Vehicle Activity,10^9 vehicle-km / yr,Freight,Road,All (if no detail),Liquid,Liquid,,,,[All]
[All],[All],[All + World],Vehicle Activity,10^9 vehicle-km / yr,Freight,Road,All (if no detail),Natural gas,Natural gas,,,,[All]
[All],[All],[All + World],Vehicle Activity,10^9 vehicle-km / yr,Freight,Road,All (if no detail),PHEV,Liquid,,,,[All]
[All],[All],[All + World],Vehicle Activity,10^9 vehicle-km / yr,Freight,Road,All (if no detail),PHEV,Electricity,,,,[All]
[All],[All],[All + World],Vehicle Activity,10^9 vehicle-km / yr,Freight,Road,Heavy truck,All (if no detail),All (if no detail),,,,[All]
[All],[All],[All + World],Vehicle Activity,10^9 vehicle-km / yr,Freight,Road,Heavy truck,Electric,Electricity,,,,[All]
[All],[All],[All + World],Vehicle Activity,10^9 vehicle-km / yr,Freight,Road,Heavy truck,Hydrogen,Hydrogen,,,,[All]
[All],[All],[All + World],Vehicle Activity,10^9 vehicle-km / yr,Freight,Road,Heavy truck,Liquid,Liquid,,,,[All]
[All],[All],[All + World],Vehicle Activity,10^9 vehicle-km / yr,Freight,Road,Heavy truck,Natural gas,Natural gas,,,,[All]
[All],[All],[All + World],Vehicle Activity,10^9 vehicle-km / yr,Freight,Road,Heavy truck,PHEV,Liquid,,,,[All]
[All],[All],[All + World],Vehicle Activity,10^9 vehicle-km / yr,Freight,Road,Heavy truck,PHEV,Electricity,,,,[All]
[All],[All],[All + World],Vehicle Activity,10^9 vehicle-km / yr,Freight,Road,Light truck,All (if no detail),All (if no detail),,,,[All]
[All],[All],[All + World],Vehicle Activity,10^9 vehicle-km / yr,Freight,Road,Light truck,Electric,Electricity,,,,[All]
[All],[All],[All + World],Vehicle Activity,10^9 vehicle-km / yr,Freight,Road,Light truck,Hydrogen,Hydrogen,,,,[All]
[All],[All],[All + World],Vehicle Activity,10^9 vehicle-km / yr,Freight,Road,Light truck,Liquid,Liquid,,,,[All]
[All],[All],[All + World],Vehicle Activity,10^9 vehicle-km / yr,Freight,Road,Light truck,Natural gas,Natural gas,,,,[All]
[All],[All],[All + World],Vehicle Activity,10^9 vehicle-km / yr,Freight,Road,Light truck,PHEV,Liquid,,,,[All]
[All],[All],[All + World],Vehicle Activity,10^9 vehicle-km / yr,Freight,Road,Light truck,PHEV,Electricity,,,,[All]
[All],[All],[All + World],Vehicle Activity,10^9 vehicle-km / yr,Freight,Road,Medium truck,All (if no detail),All (if no detail),,,,[All]
[All],[All],[All + World],Vehicle Activity,10^9 vehicle-km / yr,Freight,Road,Medium truck,Electric,Electricity,,,,[All]
[All],[All],[All + World],Vehicle Activity,10^9 vehicle-km / yr,Freight,Road,Medium truck,Hydrogen,Hydrogen,,,,[All]
[All],[All],[All + World],Vehicle Activity,10^9 vehicle-km / yr,Freight,Road,Medium truck,Liquid,Liquid,,,,[All]
[All],[All],[All + World],Vehicle Activity,10^9 vehicle-km / yr,Freight,Road,Medium truck,Natural gas,Natural gas,,,,[All]
[All],[All],[All + World],Vehicle Activity,10^9 vehicle-km / yr,Freight,Road,Medium truck,PHEV,Liquid,,,,[All]
[All],[All],[All + World],Vehicle Activity,10^9 vehicle-km / yr,Freight,Road,Medium truck,PHEV,Electricity,,,,[All]
[All],[All],[All + World],Vehicle Activity,10^9 vehicle-km / yr,Freight,Ship,All,All (if no detail),All (if no detail),,,,[All]
[All],[All],[All + World],Vehicle Activity,10^9 vehicle-km / yr,Freight,Ship,All,Electric,Electricity,,,,[All]
[All],[All],[All + World],Vehicle Activity,10^9 vehicle-km / yr,Freight,Ship,All,Hydrogen,Hydrogen,,,,[All]
[All],[All],[All + World],Vehicle Activity,10^9 vehicle-km / yr,Freight,Ship,All,Liquid,Liquid,,,,[All]
[All],[All],[All + World],Vehicle Activity,10^9 vehicle-km / yr,Freight,Ship,All,Natural gas,Natural gas,,,,[All]
[All],[All],[All + World],Vehicle Activity,10^9 vehicle-km / yr,Passenger,Air,All,All (if no detail),All (if no detail),,,,[All]
[All],[All],[All + World],Vehicle Activity,10^9 vehicle-km / yr,Passenger,Air,All,Electric,Electricity,,,,[All]
[All],[All],[All + World],Vehicle Activity,10^9 vehicle-km / yr,Passenger,Air,All,Hydrogen,Hydrogen,,,,[All]
[All],[All],[All + World],Vehicle Activity,10^9 vehicle-km / yr,Passenger,Air,All,Liquid,Liquid,,,,[All]
[All],[All],[All + World],Vehicle Activity,10^9 vehicle-km / yr,Passenger,Rail,All,All (if no detail),All (if no detail),,,,[All]
[All],[All],[All + World],Vehicle Activity,10^9 vehicle-km / yr,Passenger,Rail,All,Electric,Electricity,,,,[All]
[All],[All],[All + World],Vehicle Activity,10^9 vehicle-km / yr,Passenger,Rail,All,Hydrogen,Hydrogen,,,,[All]
[All],[All],[All + World],Vehicle Activity,10^9 vehicle-km / yr,Passenger,Rail,All,Liquid,Liquid,,,,[All]
[All],[All],[All + World],Vehicle Activity,10^9 vehicle-km / yr,Passenger,Rail,All,Natural gas,Natural gas,,,,[All]
[All],[All],[All + World],Vehicle Activity,10^9 vehicle-km / yr,Passenger,Road,2W+3W,All (if no detail),All (if no detail),,,,[All]
[All],[All],[All + World],Vehicle Activity,10^9 vehicle-km / yr,Passenger,Road,2W+3W,Electric,Electricity,,,,[All]
[All],[All],[All + World],Vehicle Activity,10^9 vehicle-km / yr,Passenger,Road,2W+3W,Hydrogen,Hydrogen,,,,[All]
[All],[All],[All + World],Vehicle Activity,10^9 vehicle-km / yr,Passenger,Road,2W+3W,Liquid,Liquid,,,,[All]
[All],[All],[All + World],Vehicle Activity,10^9 vehicle-km / yr,Passenger,Road,2W+3W,Natural gas,Natural gas,,,,[All]
[All],[All],[All + World],Vehicle Activity,10^9 vehicle-km / yr,Passenger,Road,2W+3W,PHEV,Liquid,,,,[All]
[All],[All],[All + World],Vehicle Activity,10^9 vehicle-km / yr,Passenger,Road,2W+3W,PHEV,Electricity,,,,[All]
[All],[All],[All + World],Vehicle Activity,10^9 vehicle-km / yr,Passenger,Road,All (if no detail),All (if no detail),All (if no detail),,,,[All]
[All],[All],[All + World],Vehicle Activity,10^9 vehicle-km / yr,Passenger,Road,All (if no detail),Electric,Electricity,,,,[All]
[All],[All],[All + World],Vehicle Activity,10^9 vehicle-km / yr,Passenger,Road,All (if no detail),Hydrogen,Hydrogen,,,,[All]
[All],[All],[All + World],Vehicle Activity,10^9 vehicle-km / yr,Passenger,Road,All (if no detail),Liquid,Liquid,,,,[All]
[All],[All],[All + World],Vehicle Activity,10^9 vehicle-km / yr,Passenger,Road,All (if no detail),Natural gas,Natural gas,,,,[All]
[All],[All],[All + World],Vehicle Activity,10^9 vehicle-km / yr,Passenger,Road,Bus,All (if no detail),All (if no detail),,,,[All]
[All],[All],[All + World],Vehicle Activity,10^9 vehicle-km / yr,Passenger,Road,Bus,Electric,Electricity,,,,[All]
[All],[All],[All + World],Vehicle Activity,10^9 vehicle-km / yr,Passenger,Road,Bus,Hydrogen,Hydrogen,,,,[All]
[All],[All],[All + World],Vehicle Activity,10^9 vehicle-km / yr,Passenger,Road,Bus,Liquid,Liquid,,,,[All]
[All],[All],[All + World],Vehicle Activity,10^9 vehicle-km / yr,Passenger,Road,Bus,Natural gas,Natural gas,,,,[All]
[All],[All],[All + World],Vehicle Activity,10^9 vehicle-km / yr,Passenger,Road,Bus,PHEV,Liquid,,,,[All]
[All],[All],[All + World],Vehicle Activity,10^9 vehicle-km / yr,Passenger,Road,Bus,PHEV,Electricity,,,,[All]
[All],[All],[All + World],Vehicle Activity,10^9 vehicle-km / yr,Passenger,Road,LDV,All,All,,AV,Own-supply,[All]
[All],[All],[All + World],Vehicle Activity,10^9 vehicle-km / yr,Passenger,Road,LDV,All,All,,AV,Hired,[All]
[All],[All],[All + World],Vehicle Activity,10^9 vehicle-km / yr,Passenger,Road,LDV,All,All,,non-AV,Own-supply,[All]
[All],[All],[All + World],Vehicle Activity,10^9 vehicle-km / yr,Passenger,Road,LDV,All,All,,non-AV,Hired,[All]
[All],[All],[All + World],Vehicle Activity,10^9 vehicle-km / yr,Passenger,Road,LDV,All (if no detail),All (if no detail),,,,[All]
[All],[All],[All + World],Vehicle Activity,10^9 vehicle-km / yr,Passenger,Road,LDV,Electric,Electricity,,,,[All]
[All],[All],[All + World],Vehicle Activity,10^9 vehicle-km / yr,Passenger,Road,LDV,Hydrogen,Hydrogen,,,,[All]
[All],[All],[All + World],Vehicle Activity,10^9 vehicle-km / yr,Passenger,Road,LDV,Liquid,Liquid,,,,[All]
[All],[All],[All + World],Vehicle Activity,10^9 vehicle-km / yr,Passenger,Road,LDV,Natural gas,Natural gas,,,,[All]
[All],[All],[All + World],Vehicle Activity,10^9 vehicle-km / yr,Passenger,Road,LDV,PHEV,Liquid,,,,[All]
[All],[All],[All + World],Vehicle Activity,10^9 vehicle-km / yr,Passenger,Road,LDV,PHEV,Electricity,,,,[All]