# Source: 2010 year from 2012 edition of IEA energy balances,,,
# Composite regions (Other Africa, Other Latin America, Other Asia) downscaled to the countries on the basis of population,
# Middle East nations rail energy re-set from 0 to values shown assuming 2 tonnes of fuel per km of rail per year,,,
iso,FLOW,PRODUCT,value
abw,AVBUNK,Total of all energy sources,14.4
abw,DOMESAIR,Total of all energy sources,1.9
abw,DOMESNAV,Total of all energy sources,0.3
abw,MARBUNK,Total of all energy sources,8.7
abw,ROAD,Total of all energy sources,44.4
afg,AVBUNK,Total of all energy sources,157.4
afg,DOMESAIR,Total of all energy sources,140.3
afg,DOMESNAV,Total of all energy sources,54
afg,MARBUNK,Total of all energy sources,77.5
afg,ROAD,Total of all energy sources,1460.8
ago,AVBUNK,Total of all energy sources,210
ago,DOMESAIR,Total of all energy sources,232
ago,DOMESNAV,Total of all energy sources,13
ago,MARBUNK,Total of all energy sources,174
ago,ROAD,Total of all energy sources,2286
alb,AVBUNK,Total of all energy sources,18
alb,DOMESNAV,Total of all energy sources,10
alb,RAIL,Total of all energy sources,3
alb,ROAD,Total of all energy sources,729
ant,AVBUNK,Total of all energy sources,74
ant,MARBUNK,Total of all energy sources,1805
ant,ROAD,Total of all energy sources,405
are,AVBUNK,Total of all energy sources,4167
are,MARBUNK,Total of all energy sources,12902
are,RAIL,Total of all energy sources,0.5
are,ROAD,Total of all energy sources,8652
arg,AVBUNK,Total of all energy sources,659
arg,DOMESAIR,Total of all energy sources,444
arg,DOMESNAV,Total of all energy sources,338
arg,MARBUNK,Total of all energy sources,1180
arg,RAIL,Total of all energy sources,58
arg,ROAD,Total of all energy sources,13757
arm,AVBUNK,Total of all energy sources,44
arm,DOMESNAV,Total of all energy sources,0
arm,MARBUNK,Total of all energy sources,0
arm,RAIL,Total of all energy sources,6
arm,ROAD,Total of all energy sources,491
atg,AVBUNK,Total of all energy sources,11.9
atg,DOMESAIR,Total of all energy sources,1.6
atg,DOMESNAV,Total of all energy sources,0.2
atg,MARBUNK,Total of all energy sources,7.2
atg,ROAD,Total of all energy sources,36.7
aus,AVBUNK,Total of all energy sources,3405
aus,DOMESAIR,Total of all energy sources,2217
aus,DOMESNAV,Total of all energy sources,807
aus,MARBUNK,Total of all energy sources,705
aus,RAIL,Total of all energy sources,1033
aus,ROAD,Total of all energy sources,23876
aut,AVBUNK,Total of all energy sources,668
aut,DOMESAIR,Total of all energy sources,34
aut,DOMESNAV,Total of all energy sources,11
aut,RAIL,Total of all energy sources,209
aut,ROAD,Total of all energy sources,7495
aze,AVBUNK,Total of all energy sources,403
aze,DOMESAIR,Total of all energy sources,92
aze,DOMESNAV,Total of all energy sources,74
aze,MARBUNK,Total of all energy sources,0
aze,RAIL,Total of all energy sources,40
aze,ROAD,Total of all energy sources,1551
bdi,AVBUNK,Total of all energy sources,26
bdi,DOMESAIR,Total of all energy sources,21.3
bdi,DOMESNAV,Total of all energy sources,0
bdi,MARBUNK,Total of all energy sources,22.4
bdi,RAIL,Total of all energy sources,0
bdi,ROAD,Total of all energy sources,156.9
bel,AVBUNK,Total of all energy sources,1539
bel,DOMESAIR,Total of all energy sources,2
bel,DOMESNAV,Total of all energy sources,158
bel,MARBUNK,Total of all energy sources,7596
bel,RAIL,Total of all energy sources,177
bel,ROAD,Total of all energy sources,8347
ben,AVBUNK,Total of all energy sources,159
ben,RAIL,Total of all energy sources,1
ben,ROAD,Total of all energy sources,1060
bfa,AVBUNK,Total of all energy sources,51.2
bfa,DOMESAIR,Total of all energy sources,41.8
bfa,DOMESNAV,Total of all energy sources,0
bfa,MARBUNK,Total of all energy sources,44
bfa,RAIL,Total of all energy sources,0
bfa,ROAD,Total of all energy sources,308.2
bgd,AVBUNK,Total of all energy sources,168
bgd,DOMESNAV,Total of all energy sources,365
bgd,MARBUNK,Total of all energy sources,35
bgd,RAIL,Total of all energy sources,270
bgd,ROAD,Total of all energy sources,2346
bgr,AVBUNK,Total of all energy sources,167
bgr,DOMESAIR,Total of all energy sources,15
bgr,DOMESNAV,Total of all energy sources,0
bgr,MARBUNK,Total of all energy sources,96
bgr,RAIL,Total of all energy sources,45
bgr,ROAD,Total of all energy sources,2491
bhr,AVBUNK,Total of all energy sources,665
bhr,DOMESAIR,Total of all energy sources,14
bhr,MARBUNK,Total of all energy sources,72
bhr,ROAD,Total of all energy sources,1215
bhs,AVBUNK,Total of all energy sources,45.9
bhs,DOMESAIR,Total of all energy sources,6.1
bhs,DOMESNAV,Total of all energy sources,0.8
bhs,MARBUNK,Total of all energy sources,27.6
bhs,ROAD,Total of all energy sources,141.7
bih,AVBUNK,Total of all energy sources,5
bih,RAIL,Total of all energy sources,0
bih,ROAD,Total of all energy sources,1069
blr,AVBUNK,Total of all energy sources,0
blr,DOMESNAV,Total of all energy sources,0
blr,MARBUNK,Total of all energy sources,0
blr,RAIL,Total of all energy sources,253
blr,ROAD,Total of all energy sources,2065
blz,AVBUNK,Total of all energy sources,41.7
blz,DOMESAIR,Total of all energy sources,5.6
blz,DOMESNAV,Total of all energy sources,0.7
blz,MARBUNK,Total of all energy sources,25.1
blz,ROAD,Total of all energy sources,128.8
bmu,AVBUNK,Total of all energy sources,8.7
bmu,DOMESAIR,Total of all energy sources,1.2
bmu,DOMESNAV,Total of all energy sources,0.2
bmu,MARBUNK,Total of all energy sources,5.2
bmu,ROAD,Total of all energy sources,26.8
bol,AVBUNK,Total of all energy sources,47
bol,DOMESAIR,Total of all energy sources,92
bol,RAIL,Total of all energy sources,0
bol,ROAD,Total of all energy sources,2264
bra,AVBUNK,Total of all energy sources,1949
bra,DOMESAIR,Total of all energy sources,3240
bra,DOMESNAV,Total of all energy sources,1379
bra,MARBUNK,Total of all energy sources,3964
bra,RAIL,Total of all energy sources,1063
bra,ROAD,Total of all energy sources,63859
brb,AVBUNK,Total of all energy sources,36.6
brb,DOMESAIR,Total of all energy sources,4.9
brb,DOMESNAV,Total of all energy sources,0.6
brb,MARBUNK,Total of all energy sources,22
brb,ROAD,Total of all energy sources,112.9
brn,AVBUNK,Total of all energy sources,111
brn,ROAD,Total of all energy sources,395
btn,AVBUNK,Total of all energy sources,3.6
btn,DOMESAIR,Total of all energy sources,3.2
btn,DOMESNAV,Total of all energy sources,1.2
btn,MARBUNK,Total of all energy sources,1.8
btn,ROAD,Total of all energy sources,33.8
bwa,AVBUNK,Total of all energy sources,17
bwa,DOMESAIR,Total of all energy sources,2
bwa,RAIL,Total of all energy sources,9
bwa,ROAD,Total of all energy sources,666
caf,AVBUNK,Total of all energy sources,13.7
caf,DOMESAIR,Total of all energy sources,11.2
caf,DOMESNAV,Total of all energy sources,0
caf,MARBUNK,Total of all energy sources,11.8
caf,RAIL,Total of all energy sources,0
caf,ROAD,Total of all energy sources,82.4
can,AVBUNK,Total of all energy sources,1070
can,DOMESAIR,Total of all energy sources,4191
can,DOMESNAV,Total of all energy sources,1926
can,MARBUNK,Total of all energy sources,681
can,RAIL,Total of all energy sources,1893
can,ROAD,Total of all energy sources,48722
che,AVBUNK,Total of all energy sources,1404
che,DOMESAIR,Total of all energy sources,63
che,DOMESNAV,Total of all energy sources,9
che,MARBUNK,Total of all energy sources,10
che,RAIL,Total of all energy sources,284
che,ROAD,Total of all energy sources,5675
chl,AVBUNK,Total of all energy sources,513
chl,DOMESAIR,Total of all energy sources,368
chl,DOMESNAV,Total of all energy sources,419
chl,MARBUNK,Total of all energy sources,401
chl,RAIL,Total of all energy sources,82
chl,ROAD,Total of all energy sources,6276
chn,AVBUNK,Total of all energy sources,5527
chn,DOMESAIR,Total of all energy sources,11294
chn,DOMESNAV,Total of all energy sources,16103
chn,MARBUNK,Total of all energy sources,8630
chn,RAIL,Total of all energy sources,12022
chn,ROAD,Total of all energy sources,141465
civ,AVBUNK,Total of all energy sources,43
civ,DOMESNAV,Total of all energy sources,40
civ,MARBUNK,Total of all energy sources,14
civ,RAIL,Total of all energy sources,34
civ,ROAD,Total of all energy sources,348
cmr,AVBUNK,Total of all energy sources,69
cmr,DOMESAIR,Total of all energy sources,16
cmr,DOMESNAV,Total of all energy sources,5
cmr,MARBUNK,Total of all energy sources,44
cmr,RAIL,Total of all energy sources,16
cmr,ROAD,Total of all energy sources,850
cod,AVBUNK,Total of all energy sources,157
cod,MARBUNK,Total of all energy sources,0
cod,ROAD,Total of all energy sources,258
cog,AVBUNK,Total of all energy sources,64
cog,DOMESAIR,Total of all energy sources,16
cog,MARBUNK,Total of all energy sources,0
cog,ROAD,Total of all energy sources,455
col,AVBUNK,Total of all energy sources,700
col,DOMESAIR,Total of all energy sources,33
col,DOMESNAV,Total of all energy sources,233
col,MARBUNK,Total of all energy sources,642
col,RAIL,Total of all energy sources,41
col,ROAD,Total of all energy sources,7059
com,AVBUNK,Total of all energy sources,2.3
com,DOMESAIR,Total of all energy sources,1.9
com,DOMESNAV,Total of all energy sources,0
com,MARBUNK,Total of all energy sources,2
com,RAIL,Total of all energy sources,0
com,ROAD,Total of all energy sources,13.7
cpv,AVBUNK,Total of all energy sources,1.5
cpv,DOMESAIR,Total of all energy sources,1.3
cpv,DOMESNAV,Total of all energy sources,0
cpv,MARBUNK,Total of all energy sources,1.3
cpv,RAIL,Total of all energy sources,0
cpv,ROAD,Total of all energy sources,9.3
cri,AVBUNK,Total of all energy sources,166
cri,DOMESAIR,Total of all energy sources,5
cri,DOMESNAV,Total of all energy sources,2
cri,RAIL,Total of all energy sources,0
cri,ROAD,Total of all energy sources,1513
cub,AVBUNK,Total of all energy sources,146
cub,DOMESNAV,Total of all energy sources,45
cub,MARBUNK,Total of all energy sources,30
cub,RAIL,Total of all energy sources,22
cub,ROAD,Total of all energy sources,431
cym,AVBUNK,Total of all energy sources,7.5
cym,DOMESAIR,Total of all energy sources,1
cym,DOMESNAV,Total of all energy sources,0.1
cym,MARBUNK,Total of all energy sources,4.5
cym,ROAD,Total of all energy sources,23.2
cyp,AVBUNK,Total of all energy sources,277
cyp,MARBUNK,Total of all energy sources,182
cyp,RAIL,Total of all energy sources,0
cyp,ROAD,Total of all energy sources,760
cze,AVBUNK,Total of all energy sources,311
cze,DOMESAIR,Total of all energy sources,30
cze,DOMESNAV,Total of all energy sources,4
cze,RAIL,Total of all energy sources,186
cze,ROAD,Total of all energy sources,5541
deu,AVBUNK,Total of all energy sources,8115
deu,DOMESAIR,Total of all energy sources,659
deu,DOMESNAV,Total of all energy sources,260
deu,MARBUNK,Total of all energy sources,2751
deu,RAIL,Total of all energy sources,1818
deu,ROAD,Total of all energy sources,50247
dji,AVBUNK,Total of all energy sources,2.8
dji,DOMESAIR,Total of all energy sources,2.3
dji,DOMESNAV,Total of all energy sources,0
dji,MARBUNK,Total of all energy sources,2.4
dji,RAIL,Total of all energy sources,0
dji,ROAD,Total of all energy sources,16.6
dma,AVBUNK,Total of all energy sources,9.1
dma,DOMESAIR,Total of all energy sources,1.2
dma,DOMESNAV,Total of all energy sources,0.2
dma,MARBUNK,Total of all energy sources,5.5
dma,ROAD,Total of all energy sources,28
dnk,AVBUNK,Total of all energy sources,807
dnk,DOMESAIR,Total of all energy sources,39
dnk,DOMESNAV,Total of all energy sources,155
dnk,MARBUNK,Total of all energy sources,687
dnk,RAIL,Total of all energy sources,113
dnk,ROAD,Total of all energy sources,3995
dom,AVBUNK,Total of all energy sources,100
dom,ROAD,Total of all energy sources,1415
dza,AVBUNK,Total of all energy sources,497
dza,DOMESAIR,Total of all energy sources,425
dza,DOMESNAV,Total of all energy sources,0
dza,MARBUNK,Total of all energy sources,316
dza,RAIL,Total of all energy sources,83
dza,ROAD,Total of all energy sources,9892
ecu,AVBUNK,Total of all energy sources,346
ecu,DOMESAIR,Total of all energy sources,4
ecu,DOMESNAV,Total of all energy sources,752
ecu,MARBUNK,Total of all energy sources,976
ecu,RAIL,Total of all energy sources,0
ecu,ROAD,Total of all energy sources,4157
egy,AVBUNK,Total of all energy sources,861
egy,DOMESAIR,Total of all energy sources,592
egy,DOMESNAV,Total of all energy sources,389
egy,MARBUNK,Total of all energy sources,430
egy,ROAD,Total of all energy sources,11990
eri,AVBUNK,Total of all energy sources,1
eri,MARBUNK,Total of all energy sources,0
eri,ROAD,Total of all energy sources,46
esh,AVBUNK,Total of all energy sources,1.6
esh,DOMESAIR,Total of all energy sources,1.3
esh,DOMESNAV,Total of all energy sources,0
esh,MARBUNK,Total of all energy sources,1.4
esh,RAIL,Total of all energy sources,0
esh,ROAD,Total of all energy sources,9.9
esp,AVBUNK,Total of all energy sources,3044
esp,DOMESAIR,Total of all energy sources,2353
esp,DOMESNAV,Total of all energy sources,1050
esp,MARBUNK,Total of all energy sources,8337
esp,RAIL,Total of all energy sources,898
esp,ROAD,Total of all energy sources,29539
est,AVBUNK,Total of all energy sources,37
est,DOMESAIR,Total of all energy sources,1
est,DOMESNAV,Total of all energy sources,8
est,MARBUNK,Total of all energy sources,217
est,RAIL,Total of all energy sources,51
est,ROAD,Total of all energy sources,684
eth,AVBUNK,Total of all energy sources,341
eth,DOMESNAV,Total of all energy sources,0
eth,MARBUNK,Total of all energy sources,0
eth,RAIL,Total of all energy sources,0
eth,ROAD,Total of all energy sources,880
fin,AVBUNK,Total of all energy sources,536
fin,DOMESAIR,Total of all energy sources,141
fin,DOMESNAV,Total of all energy sources,182
fin,MARBUNK,Total of all energy sources,209
fin,RAIL,Total of all energy sources,90
fin,ROAD,Total of all energy sources,3950
fji,AVBUNK,Total of all energy sources,4.3
fji,DOMESAIR,Total of all energy sources,3.8
fji,DOMESNAV,Total of all energy sources,1.5
fji,MARBUNK,Total of all energy sources,2.1
fji,ROAD,Total of all energy sources,40
flk,AVBUNK,Total of all energy sources,0.4
flk,DOMESAIR,Total of all energy sources,0.1
flk,DOMESNAV,Total of all energy sources,0
flk,MARBUNK,Total of all energy sources,0.2
flk,ROAD,Total of all energy sources,1.2
fra,AVBUNK,Total of all energy sources,5508
fra,DOMESAIR,Total of all energy sources,1173
fra,DOMESNAV,Total of all energy sources,308
fra,MARBUNK,Total of all energy sources,2448
fra,RAIL,Total of all energy sources,931
fra,ROAD,Total of all energy sources,41507
gab,AVBUNK,Total of all energy sources,61
gab,MARBUNK,Total of all energy sources,293
gab,RAIL,Total of all energy sources,1
gab,ROAD,Total of all energy sources,199
gbr,AVBUNK,Total of all energy sources,10732
gbr,DOMESAIR,Total of all energy sources,707
gbr,DOMESNAV,Total of all energy sources,1371
gbr,MARBUNK,Total of all energy sources,2094
gbr,RAIL,Total of all energy sources,951
gbr,ROAD,Total of all energy sources,38233
geo,AVBUNK,Total of all energy sources,41
geo,DOMESNAV,Total of all energy sources,0
geo,MARBUNK,Total of all energy sources,0
geo,RAIL,Total of all energy sources,55
geo,ROAD,Total of all energy sources,684
gha,AVBUNK,Total of all energy sources,120
gha,DOMESNAV,Total of all energy sources,65
gha,MARBUNK,Total of all energy sources,99
gha,RAIL,Total of all energy sources,56
gha,ROAD,Total of all energy sources,1519
gib,AVBUNK,Total of all energy sources,5
gib,MARBUNK,Total of all energy sources,2432
gib,ROAD,Total of all energy sources,108
gin,AVBUNK,Total of all energy sources,31
gin,DOMESAIR,Total of all energy sources,25.4
gin,DOMESNAV,Total of all energy sources,0
gin,MARBUNK,Total of all energy sources,26.7
gin,RAIL,Total of all energy sources,0
gin,ROAD,Total of all energy sources,186.8
glp,AVBUNK,Total of all energy sources,61.7
glp,DOMESAIR,Total of all energy sources,8.3
glp,DOMESNAV,Total of all energy sources,1.1
glp,MARBUNK,Total of all energy sources,37.1
glp,ROAD,Total of all energy sources,190.3
gmb,AVBUNK,Total of all energy sources,5.4
gmb,DOMESAIR,Total of all energy sources,4.4
gmb,DOMESNAV,Total of all energy sources,0
gmb,MARBUNK,Total of all energy sources,4.6
gmb,RAIL,Total of all energy sources,0
gmb,ROAD,Total of all energy sources,32.3
gnb,AVBUNK,Total of all energy sources,4.7
gnb,DOMESAIR,Total of all energy sources,3.8
gnb,DOMESNAV,Total of all energy sources,0
gnb,MARBUNK,Total of all energy sources,4.1
gnb,RAIL,Total of all energy sources,0
gnb,ROAD,Total of all energy sources,28.4
gnq,AVBUNK,Total of all energy sources,2.2
gnq,DOMESAIR,Total of all energy sources,1.8
gnq,DOMESNAV,Total of all energy sources,0
gnq,MARBUNK,Total of all energy sources,1.9
gnq,RAIL,Total of all energy sources,0
gnq,ROAD,Total of all energy sources,13.1
grc,AVBUNK,Total of all energy sources,682
grc,DOMESAIR,Total of all energy sources,237
grc,DOMESNAV,Total of all energy sources,717
grc,MARBUNK,Total of all energy sources,2710
grc,RAIL,Total of all energy sources,24
grc,ROAD,Total of all energy sources,6489
grd,AVBUNK,Total of all energy sources,14
grd,DOMESAIR,Total of all energy sources,1.9
grd,DOMESNAV,Total of all energy sources,0.2
grd,MARBUNK,Total of all energy sources,8.4
grd,ROAD,Total of all energy sources,43.2
gtm,AVBUNK,Total of all energy sources,42
gtm,MARBUNK,Total of all energy sources,290
gtm,ROAD,Total of all energy sources,1894
guf,AVBUNK,Total of all energy sources,30.9
guf,DOMESAIR,Total of all energy sources,4.1
guf,DOMESNAV,Total of all energy sources,0.5
guf,MARBUNK,Total of all energy sources,18.6
guf,ROAD,Total of all energy sources,95.5
guy,AVBUNK,Total of all energy sources,101
guy,DOMESAIR,Total of all energy sources,13.5
guy,DOMESNAV,Total of all energy sources,1.8
guy,MARBUNK,Total of all energy sources,60.8
guy,ROAD,Total of all energy sources,311.7
hkg,AVBUNK,Total of all energy sources,5465
hkg,DOMESNAV,Total of all energy sources,0
hkg,MARBUNK,Total of all energy sources,12178
hkg,ROAD,Total of all energy sources,1847
hnd,AVBUNK,Total of all energy sources,49
hnd,MARBUNK,Total of all energy sources,1
hnd,ROAD,Total of all energy sources,996
hrv,AVBUNK,Total of all energy sources,56
hrv,DOMESAIR,Total of all energy sources,54
hrv,DOMESNAV,Total of all energy sources,38
hrv,MARBUNK,Total of all energy sources,7
hrv,RAIL,Total of all energy sources,50
hrv,ROAD,Total of all energy sources,1871
hti,AVBUNK,Total of all energy sources,21
hti,ROAD,Total of all energy sources,131
hun,AVBUNK,Total of all energy sources,235
hun,DOMESAIR,Total of all energy sources,0
hun,DOMESNAV,Total of all energy sources,1
hun,RAIL,Total of all energy sources,151
hun,ROAD,Total of all energy sources,3965
idn,AVBUNK,Total of all energy sources,680
idn,DOMESAIR,Total of all energy sources,2302
idn,DOMESNAV,Total of all energy sources,2009
idn,MARBUNK,Total of all energy sources,230
idn,RAIL,Total of all energy sources,0
idn,ROAD,Total of all energy sources,31576
ind,AVBUNK,Total of all energy sources,3787
ind,DOMESAIR,Total of all energy sources,1623
ind,DOMESNAV,Total of all energy sources,1290
ind,MARBUNK,Total of all energy sources,166
ind,RAIL,Total of all energy sources,3746
ind,ROAD,Total of all energy sources,48818
irl,AVBUNK,Total of all energy sources,722
irl,DOMESAIR,Total of all energy sources,28
irl,DOMESNAV,Total of all energy sources,20
irl,MARBUNK,Total of all energy sources,83
irl,RAIL,Total of all energy sources,41
irl,ROAD,Total of all energy sources,3821
irn,AVBUNK,Total of all energy sources,1284
irn,MARBUNK,Total of all energy sources,2282
irn,RAIL,Total of all energy sources,26
irn,ROAD,Total of all energy sources,40585
irq,AVBUNK,Total of all energy sources,750
irq,MARBUNK,Total of all energy sources,138
irq,RAIL,Total of all energy sources,4
irq,ROAD,Total of all energy sources,10045
isl,AVBUNK,Total of all energy sources,123
isl,DOMESAIR,Total of all energy sources,7
isl,DOMESNAV,Total of all energy sources,11
isl,MARBUNK,Total of all energy sources,57
isl,ROAD,Total of all energy sources,265
isr,AVBUNK,Total of all energy sources,796
isr,DOMESAIR,Total of all energy sources,0
isr,MARBUNK,Total of all energy sources,332
isr,RAIL,Total of all energy sources,3
isr,ROAD,Total of all energy sources,4052
ita,AVBUNK,Total of all energy sources,3167
ita,DOMESAIR,Total of all energy sources,715
ita,DOMESNAV,Total of all energy sources,1128
ita,MARBUNK,Total of all energy sources,2975
ita,RAIL,Total of all energy sources,439
ita,ROAD,Total of all energy sources,35683
jam,AVBUNK,Total of all energy sources,256
jam,DOMESAIR,Total of all energy sources,0
jam,MARBUNK,Total of all energy sources,40
jam,RAIL,Total of all energy sources,244
jam,ROAD,Total of all energy sources,492
jor,AVBUNK,Total of all energy sources,363
jor,DOMESAIR,Total of all energy sources,7
jor,MARBUNK,Total of all energy sources,17
jor,RAIL,Total of all energy sources,1
jor,ROAD,Total of all energy sources,1738
jpn,AVBUNK,Total of all energy sources,5521
jpn,DOMESAIR,Total of all energy sources,3107
jpn,DOMESNAV,Total of all energy sources,3353
jpn,MARBUNK,Total of all energy sources,4630
jpn,RAIL,Total of all energy sources,1857
jpn,ROAD,Total of all energy sources,68631
kaz,AVBUNK,Total of all energy sources,84
kaz,DOMESAIR,Total of all energy sources,140
kaz,DOMESNAV,Total of all energy sources,18
kaz,MARBUNK,Total of all energy sources,0
kaz,RAIL,Total of all energy sources,251
kaz,ROAD,Total of all energy sources,4088
ken,AVBUNK,Total of all energy sources,575
ken,DOMESAIR,Total of all energy sources,3
ken,DOMESNAV,Total of all energy sources,1
ken,MARBUNK,Total of all energy sources,6
ken,RAIL,Total of all energy sources,71
ken,ROAD,Total of all energy sources,1496
kgz,AVBUNK,Total of all energy sources,412
kgz,DOMESAIR,Total of all energy sources,0
kgz,DOMESNAV,Total of all energy sources,0
kgz,MARBUNK,Total of all energy sources,0
kgz,RAIL,Total of all energy sources,4
kgz,ROAD,Total of all energy sources,870
khm,AVBUNK,Total of all energy sources,26
khm,DOMESAIR,Total of all energy sources,6
khm,DOMESNAV,Total of all energy sources,29
khm,RAIL,Total of all energy sources,82
khm,ROAD,Total of all energy sources,513
kir,AVBUNK,Total of all energy sources,0.5
kir,DOMESAIR,Total of all energy sources,0.4
kir,DOMESNAV,Total of all energy sources,0.2
kir,MARBUNK,Total of all energy sources,0.2
kir,ROAD,Total of all energy sources,4.6
kna,AVBUNK,Total of all energy sources,7
kna,DOMESAIR,Total of all energy sources,0.9
kna,DOMESNAV,Total of all energy sources,0.1
kna,MARBUNK,Total of all energy sources,4.2
kna,ROAD,Total of all energy sources,21.7
kor,AVBUNK,Total of all energy sources,4012
kor,DOMESAIR,Total of all energy sources,340
kor,DOMESNAV,Total of all energy sources,674
kor,MARBUNK,Total of all energy sources,9005
kor,RAIL,Total of all energy sources,373
kor,ROAD,Total of all energy sources,28439
kwt,AVBUNK,Total of all energy sources,811
kwt,MARBUNK,Total of all energy sources,392
kwt,ROAD,Total of all energy sources,3974
lao,AVBUNK,Total of all energy sources,31.1
lao,DOMESAIR,Total of all energy sources,27.7
lao,DOMESNAV,Total of all energy sources,10.7
lao,MARBUNK,Total of all energy sources,15.3
lao,ROAD,Total of all energy sources,288.4
lbn,AVBUNK,Total of all energy sources,236
lbn,MARBUNK,Total of all energy sources,25
lbn,RAIL,Total of all energy sources,1
lbn,ROAD,Total of all energy sources,1737
lbr,AVBUNK,Total of all energy sources,12.4
lbr,DOMESAIR,Total of all energy sources,10.1
lbr,DOMESNAV,Total of all energy sources,0
lbr,MARBUNK,Total of all energy sources,10.7
lbr,RAIL,Total of all energy sources,0
lbr,ROAD,Total of all energy sources,74.7
lby,AVBUNK,Total of all energy sources,272
lby,DOMESAIR,Total of all energy sources,3
lby,MARBUNK,Total of all energy sources,86
lby,ROAD,Total of all energy sources,4018
lca,AVBUNK,Total of all energy sources,23.3
lca,DOMESAIR,Total of all energy sources,3.1
lca,DOMESNAV,Total of all energy sources,0.4
lca,MARBUNK,Total of all energy sources,14.1
lca,ROAD,Total of all energy sources,72
lka,AVBUNK,Total of all energy sources,117
lka,DOMESAIR,Total of all energy sources,117
lka,DOMESNAV,Total of all energy sources,0
lka,MARBUNK,Total of all energy sources,191
lka,RAIL,Total of all energy sources,20
lka,ROAD,Total of all energy sources,2171
lso,AVBUNK,Total of all energy sources,6.7
lso,DOMESAIR,Total of all energy sources,5.5
lso,DOMESNAV,Total of all energy sources,0
lso,MARBUNK,Total of all energy sources,5.8
lso,RAIL,Total of all energy sources,0
lso,ROAD,Total of all energy sources,40.6
ltu,AVBUNK,Total of all energy sources,48
ltu,DOMESAIR,Total of all energy sources,0
ltu,DOMESNAV,Total of all energy sources,6
ltu,MARBUNK,Total of all energy sources,139
ltu,RAIL,Total of all energy sources,62
ltu,ROAD,Total of all energy sources,1406
lux,AVBUNK,Total of all energy sources,430
lux,DOMESAIR,Total of all energy sources,0
lux,DOMESNAV,Total of all energy sources,0
lux,RAIL,Total of all energy sources,13
lux,ROAD,Total of all energy sources,2172
lva,AVBUNK,Total of all energy sources,118
lva,DOMESAIR,Total of all energy sources,0
lva,DOMESNAV,Total of all energy sources,7
lva,MARBUNK,Total of all energy sources,251
lva,RAIL,Total of all energy sources,70
lva,ROAD,Total of all energy sources,999
mac,AVBUNK,Total of all energy sources,2.7
mac,DOMESAIR,Total of all energy sources,2.4
mac,DOMESNAV,Total of all energy sources,0.9
mac,MARBUNK,Total of all energy sources,1.3
mac,ROAD,Total of all energy sources,25.3
mar,AVBUNK,Total of all energy sources,597
mar,DOMESNAV,Total of all energy sources,0
mar,MARBUNK,Total of all energy sources,16
mar,RAIL,Total of all energy sources,20
mar,ROAD,Total of all energy sources,3481
mda,AVBUNK,Total of all energy sources,13
mda,DOMESNAV,Total of all energy sources,0
mda,MARBUNK,Total of all energy sources,0
mda,RAIL,Total of all energy sources,14
mda,ROAD,Total of all energy sources,319
mdg,AVBUNK,Total of all energy sources,64.4
mdg,DOMESAIR,Total of all energy sources,52.6
mdg,DOMESNAV,Total of all energy sources,0
mdg,MARBUNK,Total of all energy sources,55.4
mdg,RAIL,Total of all energy sources,0
mdg,ROAD,Total of all energy sources,387.6
mdv,AVBUNK,Total of all energy sources,1.6
mdv,DOMESAIR,Total of all energy sources,1.4
mdv,DOMESNAV,Total of all energy sources,0.5
mdv,MARBUNK,Total of all energy sources,0.8
mdv,ROAD,Total of all energy sources,14.7
mex,AVBUNK,Total of all energy sources,2727
mex,DOMESAIR,Total of all energy sources,21
mex,DOMESNAV,Total of all energy sources,709
mex,MARBUNK,Total of all energy sources,811
mex,RAIL,Total of all energy sources,684
mex,ROAD,Total of all energy sources,50432
mkd,AVBUNK,Total of all energy sources,7
mkd,RAIL,Total of all energy sources,6
mkd,ROAD,Total of all energy sources,447
mli,AVBUNK,Total of all energy sources,47.8
mli,DOMESAIR,Total of all energy sources,39.1
mli,DOMESNAV,Total of all energy sources,0
mli,MARBUNK,Total of all energy sources,41.1
mli,RAIL,Total of all energy sources,0
mli,ROAD,Total of all energy sources,287.6
mlt,AVBUNK,Total of all energy sources,102
mlt,MARBUNK,Total of all energy sources,1458
mlt,ROAD,Total of all energy sources,177
mmr,AVBUNK,Total of all energy sources,19
mmr,DOMESAIR,Total of all energy sources,61
mmr,DOMESNAV,Total of all energy sources,45
mmr,MARBUNK,Total of all energy sources,3
mmr,RAIL,Total of all energy sources,67
mmr,ROAD,Total of all energy sources,639
mne,AVBUNK,Total of all energy sources,2
mne,RAIL,Total of all energy sources,2
mne,ROAD,Total of all energy sources,0
mng,AVBUNK,Total of all energy sources,17
mng,RAIL,Total of all energy sources,144
mng,ROAD,Total of all energy sources,331
moz,AVBUNK,Total of all energy sources,68
moz,DOMESNAV,Total of all energy sources,44
moz,MARBUNK,Total of all energy sources,0
moz,ROAD,Total of all energy sources,511
mrt,AVBUNK,Total of all energy sources,10.7
mrt,DOMESAIR,Total of all energy sources,8.8
mrt,DOMESNAV,Total of all energy sources,0
mrt,MARBUNK,Total of all energy sources,9.2
mrt,RAIL,Total of all energy sources,0
mrt,ROAD,Total of all energy sources,64.7
msr,AVBUNK,Total of all energy sources,0.8
msr,DOMESAIR,Total of all energy sources,0.1
msr,DOMESNAV,Total of all energy sources,0
msr,MARBUNK,Total of all energy sources,0.5
msr,ROAD,Total of all energy sources,2.5
mus,AVBUNK,Total of all energy sources,4
mus,DOMESAIR,Total of all energy sources,3.3
mus,DOMESNAV,Total of all energy sources,0
mus,MARBUNK,Total of all energy sources,3.5
mus,RAIL,Total of all energy sources,0
mus,ROAD,Total of all energy sources,24.3
mwi,AVBUNK,Total of all energy sources,46.3
mwi,DOMESAIR,Total of all energy sources,37.9
mwi,DOMESNAV,Total of all energy sources,0
mwi,MARBUNK,Total of all energy sources,39.8
mwi,RAIL,Total of all energy sources,0
mwi,ROAD,Total of all energy sources,278.8
mys,AVBUNK,Total of all energy sources,2386
mys,DOMESNAV,Total of all energy sources,12
mys,MARBUNK,Total of all energy sources,60
mys,RAIL,Total of all energy sources,18
mys,ROAD,Total of all energy sources,14397
nam,AVBUNK,Total of all energy sources,40
nam,DOMESAIR,Total of all energy sources,8
nam,DOMESNAV,Total of all energy sources,25
nam,ROAD,Total of all energy sources,562
ncl,AVBUNK,Total of all energy sources,1.3
ncl,DOMESAIR,Total of all energy sources,1.1
ncl,DOMESNAV,Total of all energy sources,0.4
ncl,MARBUNK,Total of all energy sources,0.6
ncl,ROAD,Total of all energy sources,11.7
ner,AVBUNK,Total of all energy sources,48.2
ner,DOMESAIR,Total of all energy sources,39.4
ner,DOMESNAV,Total of all energy sources,0
ner,MARBUNK,Total of all energy sources,41.5
ner,RAIL,Total of all energy sources,0
ner,ROAD,Total of all energy sources,290.3
nga,AVBUNK,Total of all energy sources,174
nga,DOMESNAV,Total of all energy sources,8
nga,MARBUNK,Total of all energy sources,678
nga,RAIL,Total of all energy sources,8
nga,ROAD,Total of all energy sources,5387
nic,AVBUNK,Total of all energy sources,18
nic,DOMESAIR,Total of all energy sources,0
nic,DOMESNAV,Total of all energy sources,26
nic,ROAD,Total of all energy sources,547
nld,AVBUNK,Total of all energy sources,3376
nld,DOMESAIR,Total of all energy sources,50
nld,DOMESNAV,Total of all energy sources,158
nld,MARBUNK,Total of all energy sources,13744
nld,RAIL,Total of all energy sources,182
nld,ROAD,Total of all energy sources,11138
nor,AVBUNK,Total of all energy sources,430
nor,DOMESAIR,Total of all energy sources,349
nor,DOMESNAV,Total of all energy sources,860
nor,MARBUNK,Total of all energy sources,386
nor,RAIL,Total of all energy sources,65
nor,ROAD,Total of all energy sources,3572
npl,AVBUNK,Total of all energy sources,88
npl,RAIL,Total of all energy sources,0
npl,ROAD,Total of all energy sources,624
nzl,AVBUNK,Total of all energy sources,778
nzl,DOMESAIR,Total of all energy sources,350
nzl,DOMESNAV,Total of all energy sources,80
nzl,MARBUNK,Total of all energy sources,335
nzl,RAIL,Total of all energy sources,46
nzl,ROAD,Total of all energy sources,4123
omn,AVBUNK,Total of all energy sources,420
omn,MARBUNK,Total of all energy sources,179
omn,ROAD,Total of all energy sources,2174
pak,AVBUNK,Total of all energy sources,888
pak,MARBUNK,Total of all energy sources,174
pak,RAIL,Total of all energy sources,249
pak,ROAD,Total of all energy sources,11053
pan,AVBUNK,Total of all energy sources,360
pan,MARBUNK,Total of all energy sources,2697
pan,ROAD,Total of all energy sources,1171
per,AVBUNK,Total of all energy sources,653
per,DOMESAIR,Total of all energy sources,1
per,DOMESNAV,Total of all energy sources,0
per,MARBUNK,Total of all energy sources,243
per,ROAD,Total of all energy sources,5234
phl,AVBUNK,Total of all energy sources,989
phl,DOMESAIR,Total of all energy sources,236
phl,DOMESNAV,Total of all energy sources,701
phl,MARBUNK,Total of all energy sources,182
phl,RAIL,Total of all energy sources,10
phl,ROAD,Total of all energy sources,7098
plw,AVBUNK,Total of all energy sources,0.1
plw,DOMESAIR,Total of all energy sources,0.1
plw,DOMESNAV,Total of all energy sources,0
plw,MARBUNK,Total of all energy sources,0.1
plw,ROAD,Total of all energy sources,1
png,AVBUNK,Total of all energy sources,34.4
png,DOMESAIR,Total of all energy sources,30.6
png,DOMESNAV,Total of all energy sources,11.8
png,MARBUNK,Total of all energy sources,16.9
png,ROAD,Total of all energy sources,319
pol,AVBUNK,Total of all energy sources,513
pol,DOMESNAV,Total of all energy sources,0
pol,MARBUNK,Total of all energy sources,214
pol,RAIL,Total of all energy sources,355
pol,ROAD,Total of all energy sources,16325
prk,ROAD,Total of all energy sources,296
prt,AVBUNK,Total of all energy sources,888
prt,DOMESAIR,Total of all energy sources,155
prt,DOMESNAV,Total of all energy sources,122
prt,MARBUNK,Total of all energy sources,458
prt,RAIL,Total of all energy sources,57
prt,ROAD,Total of all energy sources,6102
pry,AVBUNK,Total of all energy sources,24
pry,DOMESNAV,Total of all energy sources,0
pry,RAIL,Total of all energy sources,0
pry,ROAD,Total of all energy sources,1449
qat,AVBUNK,Total of all energy sources,1296
qat,ROAD,Total of all energy sources,3070
reu,AVBUNK,Total of all energy sources,2.6
reu,DOMESAIR,Total of all energy sources,2.1
reu,DOMESNAV,Total of all energy sources,0
reu,MARBUNK,Total of all energy sources,2.3
reu,RAIL,Total of all energy sources,0
reu,ROAD,Total of all energy sources,15.8
rou,AVBUNK,Total of all energy sources,166
rou,DOMESAIR,Total of all energy sources,111
rou,DOMESNAV,Total of all energy sources,59
rou,MARBUNK,Total of all energy sources,16
rou,RAIL,Total of all energy sources,221
rou,ROAD,Total of all energy sources,4363
rus,AVBUNK,Total of all energy sources,6238
rus,DOMESAIR,Total of all energy sources,5244
rus,DOMESNAV,Total of all energy sources,630
rus,MARBUNK,Total of all energy sources,1532
rus,RAIL,Total of all energy sources,5635
rus,ROAD,Total of all energy sources,47885
rwa,AVBUNK,Total of all energy sources,33
rwa,DOMESAIR,Total of all energy sources,27
rwa,DOMESNAV,Total of all energy sources,0
rwa,MARBUNK,Total of all energy sources,28.4
rwa,RAIL,Total of all energy sources,0
rwa,ROAD,Total of all energy sources,198.8
sau,AVBUNK,Total of all energy sources,2178
sau,DOMESAIR,Total of all energy sources,727
sau,MARBUNK,Total of all energy sources,3210
sau,RAIL,Total of all energy sources,3
sau,ROAD,Total of all energy sources,34534
sdn,AVBUNK,Total of all energy sources,251
sdn,DOMESNAV,Total of all energy sources,2
sdn,MARBUNK,Total of all energy sources,20
sdn,RAIL,Total of all energy sources,13
sdn,ROAD,Total of all energy sources,2242
sen,AVBUNK,Total of all energy sources,219
sen,DOMESAIR,Total of all energy sources,2
sen,DOMESNAV,Total of all energy sources,31
sen,MARBUNK,Total of all energy sources,66
sen,RAIL,Total of all energy sources,0
sen,ROAD,Total of all energy sources,630
sgp,AVBUNK,Total of all energy sources,5742
sgp,MARBUNK,Total of all energy sources,39344
sgp,RAIL,Total of all energy sources,151
sgp,ROAD,Total of all energy sources,2665
slb,AVBUNK,Total of all energy sources,2.7
slb,DOMESAIR,Total of all energy sources,2.4
slb,DOMESNAV,Total of all energy sources,0.9
slb,MARBUNK,Total of all energy sources,1.3
slb,ROAD,Total of all energy sources,25
sle,AVBUNK,Total of all energy sources,18.2
sle,DOMESAIR,Total of all energy sources,14.9
sle,DOMESNAV,Total of all energy sources,0
sle,MARBUNK,Total of all energy sources,15.7
sle,RAIL,Total of all energy sources,0
sle,ROAD,Total of all energy sources,109.8
slv,AVBUNK,Total of all energy sources,115
slv,ROAD,Total of all energy sources,857
som,AVBUNK,Total of all energy sources,29
som,DOMESAIR,Total of all energy sources,23.7
som,DOMESNAV,Total of all energy sources,0
som,MARBUNK,Total of all energy sources,24.9
som,RAIL,Total of all energy sources,0
som,ROAD,Total of all energy sources,174.6
srb,AVBUNK,Total of all energy sources,45
srb,DOMESNAV,Total of all energy sources,25
srb,RAIL,Total of all energy sources,301
srb,ROAD,Total of all energy sources,2194
stp,AVBUNK,Total of all energy sources,0.5
stp,DOMESAIR,Total of all energy sources,0.4
stp,DOMESNAV,Total of all energy sources,0
stp,MARBUNK,Total of all energy sources,0.4
stp,RAIL,Total of all energy sources,0
stp,ROAD,Total of all energy sources,3.1
sur,AVBUNK,Total of all energy sources,70.2
sur,DOMESAIR,Total of all energy sources,9.4
sur,DOMESNAV,Total of all energy sources,1.2
sur,MARBUNK,Total of all energy sources,42.3
sur,ROAD,Total of all energy sources,216.8
svk,AVBUNK,Total of all energy sources,41
svk,DOMESAIR,Total of all energy sources,0
svk,RAIL,Total of all energy sources,40
svk,ROAD,Total of all energy sources,2131
svn,AVBUNK,Total of all energy sources,26
svn,DOMESAIR,Total of all energy sources,1
svn,MARBUNK,Total of all energy sources,18
svn,RAIL,Total of all energy sources,26
svn,ROAD,Total of all energy sources,1731
swe,AVBUNK,Total of all energy sources,689
swe,DOMESAIR,Total of all energy sources,154
swe,DOMESNAV,Total of all energy sources,187
swe,MARBUNK,Total of all energy sources,1938
swe,RAIL,Total of all energy sources,208
swe,ROAD,Total of all energy sources,7264
swz,AVBUNK,Total of all energy sources,3.7
swz,DOMESAIR,Total of all energy sources,3
swz,DOMESNAV,Total of all energy sources,0
swz,MARBUNK,Total of all energy sources,3.2
swz,RAIL,Total of all energy sources,0
swz,ROAD,Total of all energy sources,22.2
syc,AVBUNK,Total of all energy sources,0.3
syc,DOMESAIR,Total of all energy sources,0.2
syc,DOMESNAV,Total of all energy sources,0
syc,MARBUNK,Total of all energy sources,0.2
syc,RAIL,Total of all energy sources,0
syc,ROAD,Total of all energy sources,1.6
syr,AVBUNK,Total of all energy sources,32
syr,DOMESAIR,Total of all energy sources,64
syr,MARBUNK,Total of all energy sources,1028
syr,RAIL,Total of all energy sources,4
syr,ROAD,Total of all energy sources,4022
tca,AVBUNK,Total of all energy sources,5.1
tca,DOMESAIR,Total of all energy sources,0.7
tca,DOMESNAV,Total of all energy sources,0.1
tca,MARBUNK,Total of all energy sources,3.1
tca,ROAD,Total of all energy sources,15.8
tcd,AVBUNK,Total of all energy sources,34.9
tcd,DOMESAIR,Total of all energy sources,28.5
tcd,DOMESNAV,Total of all energy sources,0
tcd,MARBUNK,Total of all energy sources,30
tcd,RAIL,Total of all energy sources,0
tcd,ROAD,Total of all energy sources,210.1
tgo,AVBUNK,Total of all energy sources,67
tgo,MARBUNK,Total of all energy sources,4
tgo,ROAD,Total of all energy sources,312
tha,AVBUNK,Total of all energy sources,3762
tha,DOMESNAV,Total of all energy sources,78
tha,MARBUNK,Total of all energy sources,1378
tha,RAIL,Total of all energy sources,89
tha,ROAD,Total of all energy sources,19326
tjk,AVBUNK,Total of all energy sources,28
tjk,DOMESNAV,Total of all energy sources,0
tjk,MARBUNK,Total of all energy sources,0
tjk,RAIL,Total of all energy sources,2
tjk,ROAD,Total of all energy sources,102
tkm,AVBUNK,Total of all energy sources,331
tkm,DOMESNAV,Total of all energy sources,0
tkm,MARBUNK,Total of all energy sources,0
tkm,RAIL,Total of all energy sources,20
tkm,ROAD,Total of all energy sources,833
tls,AVBUNK,Total of all energy sources,5.6
tls,DOMESAIR,Total of all energy sources,5
tls,DOMESNAV,Total of all energy sources,1.9
tls,MARBUNK,Total of all energy sources,2.8
tls,ROAD,Total of all energy sources,52.3
ton,AVBUNK,Total of all energy sources,0.5
ton,DOMESAIR,Total of all energy sources,0.5
ton,DOMESNAV,Total of all energy sources,0.2
ton,MARBUNK,Total of all energy sources,0.3
ton,ROAD,Total of all energy sources,4.8
tto,AVBUNK,Total of all energy sources,68
tto,DOMESAIR,Total of all energy sources,2
tto,MARBUNK,Total of all energy sources,339
tto,ROAD,Total of all energy sources,1047
tun,AVBUNK,Total of all energy sources,253
tun,DOMESNAV,Total of all energy sources,0
tun,MARBUNK,Total of all energy sources,14
tun,RAIL,Total of all energy sources,4
tun,ROAD,Total of all energy sources,1979
tur,AVBUNK,Total of all energy sources,1216
tur,DOMESAIR,Total of all energy sources,413
tur,DOMESNAV,Total of all energy sources,597
tur,MARBUNK,Total of all energy sources,369
tur,RAIL,Total of all energy sources,175
tur,ROAD,Total of all energy sources,13256
twn,AVBUNK,Total of all energy sources,2109
twn,DOMESAIR,Total of all energy sources,82
twn,DOMESNAV,Total of all energy sources,265
twn,MARBUNK,Total of all energy sources,1708
twn,RAIL,Total of all energy sources,128
twn,ROAD,Total of all energy sources,11682
tza,AVBUNK,Total of all energy sources,108
tza,DOMESNAV,Total of all energy sources,0
tza,MARBUNK,Total of all energy sources,21
tza,ROAD,Total of all energy sources,1004
uga,AVBUNK,Total of all energy sources,103.9
uga,DOMESAIR,Total of all energy sources,84.9
uga,DOMESNAV,Total of all energy sources,0
uga,MARBUNK,Total of all energy sources,89.4
uga,RAIL,Total of all energy sources,0
uga,ROAD,Total of all energy sources,625.5
ukr,AVBUNK,Total of all energy sources,274
ukr,DOMESAIR,Total of all energy sources,2
ukr,DOMESNAV,Total of all energy sources,80
ukr,MARBUNK,Total of all energy sources,0
ukr,RAIL,Total of all energy sources,741
ukr,ROAD,Total of all energy sources,7315
ury,AVBUNK,Total of all energy sources,80
ury,DOMESAIR,Total of all energy sources,4
ury,MARBUNK,Total of all energy sources,446
ury,ROAD,Total of all energy sources,983
usa,AVBUNK,Total of all energy sources,21814
usa,DOMESAIR,Total of all energy sources,49193
usa,DOMESNAV,Total of all energy sources,3535
usa,MARBUNK,Total of all energy sources,26010
usa,RAIL,Total of all energy sources,9210
usa,ROAD,Total of all energy sources,505168
uzb,AVBUNK,Total of all energy sources,0
uzb,DOMESAIR,Total of all energy sources,155
uzb,DOMESNAV,Total of all energy sources,0
uzb,MARBUNK,Total of all energy sources,0
uzb,RAIL,Total of all energy sources,74
uzb,ROAD,Total of all energy sources,1645
vct,AVBUNK,Total of all energy sources,14.6
vct,DOMESAIR,Total of all energy sources,2
vct,DOMESNAV,Total of all energy sources,0.3
vct,MARBUNK,Total of all energy sources,8.8
vct,ROAD,Total of all energy sources,45.2
ven,AVBUNK,Total of all energy sources,634
ven,MARBUNK,Total of all energy sources,851
ven,RAIL,Total of all energy sources,25
ven,ROAD,Total of all energy sources,16556
vgb,AVBUNK,Total of all energy sources,3.1
vgb,DOMESAIR,Total of all energy sources,0.4
vgb,DOMESNAV,Total of all energy sources,0.1
vgb,MARBUNK,Total of all energy sources,1.9
vgb,ROAD,Total of all energy sources,9.6
vnm,AVBUNK,Total of all energy sources,678
vnm,DOMESAIR,Total of all energy sources,249
vnm,MARBUNK,Total of all energy sources,317
vnm,RAIL,Total of all energy sources,0
vnm,ROAD,Total of all energy sources,9895
vut,AVBUNK,Total of all energy sources,1.2
vut,DOMESAIR,Total of all energy sources,1.1
vut,DOMESNAV,Total of all energy sources,0.4
vut,MARBUNK,Total of all energy sources,0.6
vut,ROAD,Total of all energy sources,11.1
wsm,AVBUNK,Total of all energy sources,0.9
wsm,DOMESAIR,Total of all energy sources,0.8
wsm,DOMESNAV,Total of all energy sources,0.3
wsm,MARBUNK,Total of all energy sources,0.5
wsm,ROAD,Total of all energy sources,8.5
yem,AVBUNK,Total of all energy sources,130
yem,MARBUNK,Total of all energy sources,97
yem,ROAD,Total of all energy sources,2141
zaf,AVBUNK,Total of all energy sources,862
zaf,DOMESAIR,Total of all energy sources,814
zaf,MARBUNK,Total of all energy sources,2722
zaf,RAIL,Total of all energy sources,346
zaf,ROAD,Total of all energy sources,12012
zmb,AVBUNK,Total of all energy sources,30
zmb,DOMESAIR,Total of all energy sources,1
zmb,DOMESNAV,Total of all energy sources,0
zmb,RAIL,Total of all energy sources,2
zmb,ROAD,Total of all energy sources,151
zwe,AVBUNK,Total of all energy sources,7
zwe,RAIL,Total of all energy sources,26
zwe,ROAD,Total of all energy sources,366